brand_model,path
Canon_Ixus70,Canon_Ixus70_0_3258.JPG
Canon_Ixus70,Canon_Ixus70_0_3259.JPG
Canon_Ixus70,Canon_Ixus70_0_3260.JPG
Canon_Ixus70,Canon_Ixus70_1_3695.JPG
Canon_Ixus70,Canon_Ixus70_1_3696.JPG
Canon_Ixus70,Canon_Ixus70_1_3697.JPG
Canon_Ixus70,Canon_Ixus70_2_4124.JPG
Canon_Ixus70,Canon_Ixus70_2_4125.JPG
Canon_Ixus70,Canon_Ixus70_2_4126.JPG
Nikon_D200,Nikon_D200_0_14902.JPG
Nikon_D200,Nikon_D200_0_14904.JPG
Nikon_D200,Nikon_D200_0_14906.JPG
Nikon_D200,Nikon_D200_0_14908.JPG
Nikon_D200,Nikon_D200_0_14910.JPG
Nikon_D200,Nikon_D200_0_14912.JPG
Nikon_D200,Nikon_D200_1_17202.JPG
Nikon_D200,Nikon_D200_1_17204.JPG
Nikon_D200,Nikon_D200_1_17206.JPG
Nikon_D200,Nikon_D200_1_17208.JPG
Nikon_D200,Nikon_D200_1_17210.JPG
Nikon_D200,Nikon_D200_1_17212.JPG
Olympus_mju-1050SW,Olympus_mju-1050SW_0_23679.JPG
Olympus_mju-1050SW,Olympus_mju-1050SW_0_23680.JPG
Olympus_mju-1050SW,Olympus_mju-1050SW_0_23681.JPG
Olympus_mju-1050SW,Olympus_mju-1050SW_1_24134.JPG
Olympus_mju-1050SW,Olympus_mju-1050SW_1_24135.JPG
Olympus_mju-1050SW,Olympus_mju-1050SW_1_24136.JPG
Olympus_mju-1050SW,Olympus_mju-1050SW_2_24614.JPG
Olympus_mju-1050SW,Olympus_mju-1050SW_2_24615.JPG
Olympus_mju-1050SW,Olympus_mju-1050SW_2_24616.JPG
Olympus_mju-1050SW,Olympus_mju-1050SW_3_25100.JPG
Olympus_mju-1050SW,Olympus_mju-1050SW_3_25101.JPG
Olympus_mju-1050SW,Olympus_mju-1050SW_3_25102.JPG
Olympus_mju-1050SW,Olympus_mju-1050SW_4_25551.JPG
Olympus_mju-1050SW,Olympus_mju-1050SW_4_25552.JPG
Olympus_mju-1050SW,Olympus_mju-1050SW_4_25553.JPG
Canon_Ixus70,Canon_Ixus70_0_3261.JPG
Canon_Ixus70,Canon_Ixus70_0_3262.JPG
Canon_Ixus70,Canon_Ixus70_0_3263.JPG
Canon_Ixus70,Canon_Ixus70_1_3698.JPG
Canon_Ixus70,Canon_Ixus70_1_3699.JPG
Canon_Ixus70,Canon_Ixus70_1_3700.JPG
Canon_Ixus70,Canon_Ixus70_2_4128.JPG
Canon_Ixus70,Canon_Ixus70_2_4129.JPG
Canon_Ixus70,Canon_Ixus70_2_4130.JPG
Nikon_D200,Nikon_D200_0_14914.JPG
Nikon_D200,Nikon_D200_0_14916.JPG
Nikon_D200,Nikon_D200_0_14918.JPG
Nikon_D200,Nikon_D200_0_14926.JPG
Nikon_D200,Nikon_D200_0_14928.JPG
Nikon_D200,Nikon_D200_0_14930.JPG
Nikon_D200,Nikon_D200_1_17214.JPG
Nikon_D200,Nikon_D200_1_17216.JPG
Nikon_D200,Nikon_D200_1_17218.JPG
Nikon_D200,Nikon_D200_1_17220.JPG
Nikon_D200,Nikon_D200_1_17222.JPG
Nikon_D200,Nikon_D200_1_17224.JPG
Nikon_D200,Nikon_D200_1_17226.JPG
Nikon_D200,Nikon_D200_1_17228.JPG
Nikon_D200,Nikon_D200_1_17230.JPG
Olympus_mju-1050SW,Olympus_mju-1050SW_0_23685.JPG
Olympus_mju-1050SW,Olympus_mju-1050SW_0_23686.JPG
Olympus_mju-1050SW,Olympus_mju-1050SW_0_23687.JPG
Olympus_mju-1050SW,Olympus_mju-1050SW_1_24137.JPG
Olympus_mju-1050SW,Olympus_mju-1050SW_1_24138.JPG
Olympus_mju-1050SW,Olympus_mju-1050SW_1_24139.JPG
Olympus_mju-1050SW,Olympus_mju-1050SW_2_24617.JPG
Olympus_mju-1050SW,Olympus_mju-1050SW_2_24618.JPG
Olympus_mju-1050SW,Olympus_mju-1050SW_2_24619.JPG
Olympus_mju-1050SW,Olympus_mju-1050SW_3_25103.JPG
Olympus_mju-1050SW,Olympus_mju-1050SW_3_25104.JPG
Olympus_mju-1050SW,Olympus_mju-1050SW_3_25105.JPG
Olympus_mju-1050SW,Olympus_mju-1050SW_4_25554.JPG
Olympus_mju-1050SW,Olympus_mju-1050SW_4_25555.JPG
Olympus_mju-1050SW,Olympus_mju-1050SW_4_25556.JPG
Canon_Ixus70,Canon_Ixus70_0_3264.JPG
Canon_Ixus70,Canon_Ixus70_0_3265.JPG
Canon_Ixus70,Canon_Ixus70_0_3266.JPG
Canon_Ixus70,Canon_Ixus70_1_3701.JPG
Canon_Ixus70,Canon_Ixus70_1_3702.JPG
Canon_Ixus70,Canon_Ixus70_1_3703.JPG
Canon_Ixus70,Canon_Ixus70_2_4131.JPG
Canon_Ixus70,Canon_Ixus70_2_4132.JPG
Canon_Ixus70,Canon_Ixus70_2_4133.JPG
Nikon_D200,Nikon_D200_0_14920.JPG
Nikon_D200,Nikon_D200_0_14922.JPG
Nikon_D200,Nikon_D200_0_14924.JPG
Nikon_D200,Nikon_D200_0_14932.JPG
Nikon_D200,Nikon_D200_0_14934.JPG
Nikon_D200,Nikon_D200_0_14936.JPG
Nikon_D200,Nikon_D200_1_17232.JPG
Nikon_D200,Nikon_D200_1_17234.JPG
Nikon_D200,Nikon_D200_1_17236.JPG
Olympus_mju-1050SW,Olympus_mju-1050SW_0_23682.JPG
Olympus_mju-1050SW,Olympus_mju-1050SW_0_23683.JPG
Olympus_mju-1050SW,Olympus_mju-1050SW_0_23684.JPG
Olympus_mju-1050SW,Olympus_mju-1050SW_1_24141.JPG
Olympus_mju-1050SW,Olympus_mju-1050SW_1_24142.JPG
Olympus_mju-1050SW,Olympus_mju-1050SW_1_24143.JPG
Olympus_mju-1050SW,Olympus_mju-1050SW_2_24620.JPG
Olympus_mju-1050SW,Olympus_mju-1050SW_2_24621.JPG
Olympus_mju-1050SW,Olympus_mju-1050SW_2_24622.JPG
Olympus_mju-1050SW,Olympus_mju-1050SW_3_25106.JPG
Olympus_mju-1050SW,Olympus_mju-1050SW_3_25107.JPG
Olympus_mju-1050SW,Olympus_mju-1050SW_3_25108.JPG
Olympus_mju-1050SW,Olympus_mju-1050SW_4_25557.JPG
Olympus_mju-1050SW,Olympus_mju-1050SW_4_25558.JPG
Olympus_mju-1050SW,Olympus_mju-1050SW_4_25559.JPG
Canon_Ixus70,Canon_Ixus70_0_3267.JPG
Canon_Ixus70,Canon_Ixus70_0_3268.JPG
Canon_Ixus70,Canon_Ixus70_0_3269.JPG
Canon_Ixus70,Canon_Ixus70_0_3270.JPG
Canon_Ixus70,Canon_Ixus70_0_3271.JPG
Canon_Ixus70,Canon_Ixus70_0_3272.JPG
Canon_Ixus70,Canon_Ixus70_1_3710.JPG
Canon_Ixus70,Canon_Ixus70_1_3711.JPG
Canon_Ixus70,Canon_Ixus70_1_3712.JPG
Canon_Ixus70,Canon_Ixus70_1_3713.JPG
Canon_Ixus70,Canon_Ixus70_1_3714.JPG
Canon_Ixus70,Canon_Ixus70_1_3715.JPG
Canon_Ixus70,Canon_Ixus70_2_4134.JPG
Canon_Ixus70,Canon_Ixus70_2_4135.JPG
Canon_Ixus70,Canon_Ixus70_2_4136.JPG
Canon_Ixus70,Canon_Ixus70_2_4137.JPG
Canon_Ixus70,Canon_Ixus70_2_4138.JPG
Canon_Ixus70,Canon_Ixus70_2_4139.JPG
Nikon_D200,Nikon_D200_0_14938.JPG
Nikon_D200,Nikon_D200_0_14940.JPG
Nikon_D200,Nikon_D200_0_14942.JPG
Nikon_D200,Nikon_D200_0_14956.JPG
Nikon_D200,Nikon_D200_0_14958.JPG
Nikon_D200,Nikon_D200_0_14960.JPG
Nikon_D200,Nikon_D200_0_14962.JPG
Nikon_D200,Nikon_D200_0_14964.JPG
Nikon_D200,Nikon_D200_0_14966.JPG
Nikon_D200,Nikon_D200_0_14968.JPG
Nikon_D200,Nikon_D200_0_14970.JPG
Nikon_D200,Nikon_D200_0_14972.JPG
Nikon_D200,Nikon_D200_0_14974.JPG
Nikon_D200,Nikon_D200_0_14988.JPG
Nikon_D200,Nikon_D200_0_14990.JPG
Nikon_D200,Nikon_D200_0_14992.JPG
Nikon_D200,Nikon_D200_0_14994.JPG
Nikon_D200,Nikon_D200_0_14996.JPG
Nikon_D200,Nikon_D200_0_14998.JPG
Nikon_D200,Nikon_D200_1_17244.JPG
Nikon_D200,Nikon_D200_1_17246.JPG
Nikon_D200,Nikon_D200_1_17248.JPG
Nikon_D200,Nikon_D200_1_17250.JPG
Nikon_D200,Nikon_D200_1_17252.JPG
Nikon_D200,Nikon_D200_1_17254.JPG
Nikon_D200,Nikon_D200_1_17262.JPG
Nikon_D200,Nikon_D200_1_17264.JPG
Nikon_D200,Nikon_D200_1_17266.JPG
Nikon_D200,Nikon_D200_1_17268.JPG
Nikon_D200,Nikon_D200_1_17270.JPG
Nikon_D200,Nikon_D200_1_17272.JPG
Nikon_D200,Nikon_D200_1_17286.JPG
Nikon_D200,Nikon_D200_1_17288.JPG
Nikon_D200,Nikon_D200_1_17290.JPG
Nikon_D200,Nikon_D200_1_17292.JPG
Nikon_D200,Nikon_D200_1_17294.JPG
Nikon_D200,Nikon_D200_1_17296.JPG
Nikon_D200,Nikon_D200_1_17322.JPG
Nikon_D200,Nikon_D200_1_17324.JPG
Nikon_D200,Nikon_D200_1_17326.JPG
Nikon_D200,Nikon_D200_1_17328.JPG
Nikon_D200,Nikon_D200_1_17330.JPG
Nikon_D200,Nikon_D200_1_17332.JPG
Olympus_mju-1050SW,Olympus_mju-1050SW_0_23694.JPG
Olympus_mju-1050SW,Olympus_mju-1050SW_0_23695.JPG
Olympus_mju-1050SW,Olympus_mju-1050SW_0_23696.JPG
Olympus_mju-1050SW,Olympus_mju-1050SW_0_23697.JPG
Olympus_mju-1050SW,Olympus_mju-1050SW_0_23698.JPG
Olympus_mju-1050SW,Olympus_mju-1050SW_0_23699.JPG
Olympus_mju-1050SW,Olympus_mju-1050SW_1_24144.JPG
Olympus_mju-1050SW,Olympus_mju-1050SW_1_24145.JPG
Olympus_mju-1050SW,Olympus_mju-1050SW_1_24146.JPG
Olympus_mju-1050SW,Olympus_mju-1050SW_1_24147.JPG
Olympus_mju-1050SW,Olympus_mju-1050SW_1_24148.JPG
Olympus_mju-1050SW,Olympus_mju-1050SW_1_24149.JPG
Olympus_mju-1050SW,Olympus_mju-1050SW_2_24623.JPG
Olympus_mju-1050SW,Olympus_mju-1050SW_2_24624.JPG
Olympus_mju-1050SW,Olympus_mju-1050SW_2_24625.JPG
Olympus_mju-1050SW,Olympus_mju-1050SW_2_24626.JPG
Olympus_mju-1050SW,Olympus_mju-1050SW_2_24627.JPG
Olympus_mju-1050SW,Olympus_mju-1050SW_2_24628.JPG
Olympus_mju-1050SW,Olympus_mju-1050SW_3_25109.JPG
Olympus_mju-1050SW,Olympus_mju-1050SW_3_25110.JPG
Olympus_mju-1050SW,Olympus_mju-1050SW_3_25111.JPG
Olympus_mju-1050SW,Olympus_mju-1050SW_3_25112.JPG
Olympus_mju-1050SW,Olympus_mju-1050SW_3_25113.JPG
Olympus_mju-1050SW,Olympus_mju-1050SW_3_25114.JPG
Olympus_mju-1050SW,Olympus_mju-1050SW_4_25566.JPG
Olympus_mju-1050SW,Olympus_mju-1050SW_4_25567.JPG
Olympus_mju-1050SW,Olympus_mju-1050SW_4_25568.JPG
Olympus_mju-1050SW,Olympus_mju-1050SW_4_25569.JPG
Olympus_mju-1050SW,Olympus_mju-1050SW_4_25570.JPG
Olympus_mju-1050SW,Olympus_mju-1050SW_4_25571.JPG
Canon_Ixus70,Canon_Ixus70_0_3273.JPG
Canon_Ixus70,Canon_Ixus70_0_3274.JPG
Canon_Ixus70,Canon_Ixus70_0_3275.JPG
Canon_Ixus70,Canon_Ixus70_0_3276.JPG
Canon_Ixus70,Canon_Ixus70_0_3277.JPG
Canon_Ixus70,Canon_Ixus70_0_3278.JPG
Canon_Ixus70,Canon_Ixus70_1_3704.JPG
Canon_Ixus70,Canon_Ixus70_1_3705.JPG
Canon_Ixus70,Canon_Ixus70_1_3706.JPG
Canon_Ixus70,Canon_Ixus70_1_3707.JPG
Canon_Ixus70,Canon_Ixus70_1_3708.JPG
Canon_Ixus70,Canon_Ixus70_1_3709.JPG
Canon_Ixus70,Canon_Ixus70_2_4140.JPG
Canon_Ixus70,Canon_Ixus70_2_4141.JPG
Canon_Ixus70,Canon_Ixus70_2_4142.JPG
Canon_Ixus70,Canon_Ixus70_2_4143.JPG
Canon_Ixus70,Canon_Ixus70_2_4144.JPG
Canon_Ixus70,Canon_Ixus70_2_4145.JPG
Nikon_D200,Nikon_D200_0_14944.JPG
Nikon_D200,Nikon_D200_0_14946.JPG
Nikon_D200,Nikon_D200_0_14948.JPG
Nikon_D200,Nikon_D200_0_14950.JPG
Nikon_D200,Nikon_D200_0_14952.JPG
Nikon_D200,Nikon_D200_0_14954.JPG
Nikon_D200,Nikon_D200_0_14976.JPG
Nikon_D200,Nikon_D200_0_14978.JPG
Nikon_D200,Nikon_D200_0_14980.JPG
Nikon_D200,Nikon_D200_0_14982.JPG
Nikon_D200,Nikon_D200_0_14984.JPG
Nikon_D200,Nikon_D200_0_14986.JPG
Nikon_D200,Nikon_D200_0_15000.JPG
Nikon_D200,Nikon_D200_0_15002.JPG
Nikon_D200,Nikon_D200_0_15004.JPG
Nikon_D200,Nikon_D200_0_15006.JPG
Nikon_D200,Nikon_D200_0_15008.JPG
Nikon_D200,Nikon_D200_0_15010.JPG
Nikon_D200,Nikon_D200_1_17238.JPG
Nikon_D200,Nikon_D200_1_17240.JPG
Nikon_D200,Nikon_D200_1_17242.JPG
Nikon_D200,Nikon_D200_1_17256.JPG
Nikon_D200,Nikon_D200_1_17258.JPG
Nikon_D200,Nikon_D200_1_17260.JPG
Nikon_D200,Nikon_D200_1_17274.JPG
Nikon_D200,Nikon_D200_1_17276.JPG
Nikon_D200,Nikon_D200_1_17278.JPG
Nikon_D200,Nikon_D200_1_17280.JPG
Nikon_D200,Nikon_D200_1_17282.JPG
Nikon_D200,Nikon_D200_1_17284.JPG
Nikon_D200,Nikon_D200_1_17298.JPG
Nikon_D200,Nikon_D200_1_17300.JPG
Nikon_D200,Nikon_D200_1_17302.JPG
Nikon_D200,Nikon_D200_1_17304.JPG
Nikon_D200,Nikon_D200_1_17306.JPG
Nikon_D200,Nikon_D200_1_17308.JPG
Nikon_D200,Nikon_D200_1_17310.JPG
Nikon_D200,Nikon_D200_1_17312.JPG
Nikon_D200,Nikon_D200_1_17314.JPG
Nikon_D200,Nikon_D200_1_17316.JPG
Nikon_D200,Nikon_D200_1_17318.JPG
Nikon_D200,Nikon_D200_1_17320.JPG
Olympus_mju-1050SW,Olympus_mju-1050SW_0_23688.JPG
Olympus_mju-1050SW,Olympus_mju-1050SW_0_23689.JPG
Olympus_mju-1050SW,Olympus_mju-1050SW_0_23690.JPG
Olympus_mju-1050SW,Olympus_mju-1050SW_0_23691.JPG
Olympus_mju-1050SW,Olympus_mju-1050SW_0_23692.JPG
Olympus_mju-1050SW,Olympus_mju-1050SW_0_23693.JPG
Olympus_mju-1050SW,Olympus_mju-1050SW_1_24150.JPG
Olympus_mju-1050SW,Olympus_mju-1050SW_1_24151.JPG
Olympus_mju-1050SW,Olympus_mju-1050SW_1_24152.JPG
Olympus_mju-1050SW,Olympus_mju-1050SW_1_24153.JPG
Olympus_mju-1050SW,Olympus_mju-1050SW_1_24154.JPG
Olympus_mju-1050SW,Olympus_mju-1050SW_1_24155.JPG
Olympus_mju-1050SW,Olympus_mju-1050SW_2_24629.JPG
Olympus_mju-1050SW,Olympus_mju-1050SW_2_24630.JPG
Olympus_mju-1050SW,Olympus_mju-1050SW_2_24631.JPG
Olympus_mju-1050SW,Olympus_mju-1050SW_2_24632.JPG
Olympus_mju-1050SW,Olympus_mju-1050SW_2_24633.JPG
Olympus_mju-1050SW,Olympus_mju-1050SW_2_24634.JPG
Olympus_mju-1050SW,Olympus_mju-1050SW_3_25115.JPG
Olympus_mju-1050SW,Olympus_mju-1050SW_3_25116.JPG
Olympus_mju-1050SW,Olympus_mju-1050SW_3_25117.JPG
Olympus_mju-1050SW,Olympus_mju-1050SW_3_25118.JPG
Olympus_mju-1050SW,Olympus_mju-1050SW_3_25119.JPG
Olympus_mju-1050SW,Olympus_mju-1050SW_3_25120.JPG
Olympus_mju-1050SW,Olympus_mju-1050SW_4_25560.JPG
Olympus_mju-1050SW,Olympus_mju-1050SW_4_25561.JPG
Olympus_mju-1050SW,Olympus_mju-1050SW_4_25562.JPG
Olympus_mju-1050SW,Olympus_mju-1050SW_4_25563.JPG
Olympus_mju-1050SW,Olympus_mju-1050SW_4_25564.JPG
Olympus_mju-1050SW,Olympus_mju-1050SW_4_25565.JPG
Canon_Ixus70,Canon_Ixus70_0_3282.JPG
Canon_Ixus70,Canon_Ixus70_0_3283.JPG
Canon_Ixus70,Canon_Ixus70_0_3284.JPG
Canon_Ixus70,Canon_Ixus70_1_3719.JPG
Canon_Ixus70,Canon_Ixus70_1_3720.JPG
Canon_Ixus70,Canon_Ixus70_1_3721.JPG
Canon_Ixus70,Canon_Ixus70_2_4149.JPG
Canon_Ixus70,Canon_Ixus70_2_4150.JPG
Canon_Ixus70,Canon_Ixus70_2_4151.JPG
Nikon_D200,Nikon_D200_0_15012.JPG
Nikon_D200,Nikon_D200_0_15014.JPG
Nikon_D200,Nikon_D200_0_15016.JPG
Nikon_D200,Nikon_D200_0_15030.JPG
Nikon_D200,Nikon_D200_0_15032.JPG
Nikon_D200,Nikon_D200_0_15034.JPG
Nikon_D200,Nikon_D200_1_17340.JPG
Nikon_D200,Nikon_D200_1_17342.JPG
Nikon_D200,Nikon_D200_1_17344.JPG
Nikon_D200,Nikon_D200_1_17346.JPG
Nikon_D200,Nikon_D200_1_17348.JPG
Nikon_D200,Nikon_D200_1_17350.JPG
Olympus_mju-1050SW,Olympus_mju-1050SW_0_23703.JPG
Olympus_mju-1050SW,Olympus_mju-1050SW_0_23704.JPG
Olympus_mju-1050SW,Olympus_mju-1050SW_0_23705.JPG
Olympus_mju-1050SW,Olympus_mju-1050SW_1_24159.JPG
Olympus_mju-1050SW,Olympus_mju-1050SW_1_24160.JPG
Olympus_mju-1050SW,Olympus_mju-1050SW_1_24161.JPG
Olympus_mju-1050SW,Olympus_mju-1050SW_2_24638.JPG
Olympus_mju-1050SW,Olympus_mju-1050SW_2_24639.JPG
Olympus_mju-1050SW,Olympus_mju-1050SW_2_24640.JPG
Olympus_mju-1050SW,Olympus_mju-1050SW_3_25124.JPG
Olympus_mju-1050SW,Olympus_mju-1050SW_3_25125.JPG
Olympus_mju-1050SW,Olympus_mju-1050SW_3_25126.JPG
Olympus_mju-1050SW,Olympus_mju-1050SW_4_25576.JPG
Olympus_mju-1050SW,Olympus_mju-1050SW_4_25577.JPG
Olympus_mju-1050SW,Olympus_mju-1050SW_4_25578.JPG
Canon_Ixus70,Canon_Ixus70_0_3279.JPG
Canon_Ixus70,Canon_Ixus70_0_3280.JPG
Canon_Ixus70,Canon_Ixus70_0_3281.JPG
Canon_Ixus70,Canon_Ixus70_1_3716.JPG
Canon_Ixus70,Canon_Ixus70_1_3717.JPG
Canon_Ixus70,Canon_Ixus70_1_3718.JPG
Canon_Ixus70,Canon_Ixus70_2_4146.JPG
Canon_Ixus70,Canon_Ixus70_2_4147.JPG
Canon_Ixus70,Canon_Ixus70_2_4148.JPG
Nikon_D200,Nikon_D200_0_15018.JPG
Nikon_D200,Nikon_D200_0_15020.JPG
Nikon_D200,Nikon_D200_0_15022.JPG
Nikon_D200,Nikon_D200_0_15024.JPG
Nikon_D200,Nikon_D200_0_15026.JPG
Nikon_D200,Nikon_D200_0_15028.JPG
Nikon_D200,Nikon_D200_1_17334.JPG
Nikon_D200,Nikon_D200_1_17336.JPG
Nikon_D200,Nikon_D200_1_17338.JPG
Nikon_D200,Nikon_D200_1_17352.JPG
Nikon_D200,Nikon_D200_1_17354.JPG
Nikon_D200,Nikon_D200_1_17356.JPG
Olympus_mju-1050SW,Olympus_mju-1050SW_0_23700.JPG
Olympus_mju-1050SW,Olympus_mju-1050SW_0_23701.JPG
Olympus_mju-1050SW,Olympus_mju-1050SW_0_23702.JPG
Olympus_mju-1050SW,Olympus_mju-1050SW_1_24156.JPG
Olympus_mju-1050SW,Olympus_mju-1050SW_1_24157.JPG
Olympus_mju-1050SW,Olympus_mju-1050SW_1_24158.JPG
Olympus_mju-1050SW,Olympus_mju-1050SW_2_24635.JPG
Olympus_mju-1050SW,Olympus_mju-1050SW_2_24636.JPG
Olympus_mju-1050SW,Olympus_mju-1050SW_2_24637.JPG
Olympus_mju-1050SW,Olympus_mju-1050SW_3_25121.JPG
Olympus_mju-1050SW,Olympus_mju-1050SW_3_25122.JPG
Olympus_mju-1050SW,Olympus_mju-1050SW_3_25123.JPG
Olympus_mju-1050SW,Olympus_mju-1050SW_4_25572.JPG
Olympus_mju-1050SW,Olympus_mju-1050SW_4_25573.JPG
Olympus_mju-1050SW,Olympus_mju-1050SW_4_25575.JPG
Canon_Ixus70,Canon_Ixus70_0_3288.JPG
Canon_Ixus70,Canon_Ixus70_0_3289.JPG
Canon_Ixus70,Canon_Ixus70_0_3290.JPG
Canon_Ixus70,Canon_Ixus70_1_3725.JPG
Canon_Ixus70,Canon_Ixus70_1_3726.JPG
Canon_Ixus70,Canon_Ixus70_1_3727.JPG
Canon_Ixus70,Canon_Ixus70_2_4155.JPG
Canon_Ixus70,Canon_Ixus70_2_4156.JPG
Canon_Ixus70,Canon_Ixus70_2_4157.JPG
Nikon_D200,Nikon_D200_0_15042.JPG
Nikon_D200,Nikon_D200_0_15044.JPG
Nikon_D200,Nikon_D200_0_15046.JPG
Nikon_D200,Nikon_D200_0_15048.JPG
Nikon_D200,Nikon_D200_0_15050.JPG
Nikon_D200,Nikon_D200_0_15052.JPG
Nikon_D200,Nikon_D200_1_17358.JPG
Nikon_D200,Nikon_D200_1_17360.JPG
Nikon_D200,Nikon_D200_1_17362.JPG
Nikon_D200,Nikon_D200_1_17376.JPG
Nikon_D200,Nikon_D200_1_17378.JPG
Nikon_D200,Nikon_D200_1_17380.JPG
Olympus_mju-1050SW,Olympus_mju-1050SW_0_23710.JPG
Olympus_mju-1050SW,Olympus_mju-1050SW_0_23711.JPG
Olympus_mju-1050SW,Olympus_mju-1050SW_0_23712.JPG
Olympus_mju-1050SW,Olympus_mju-1050SW_0_23713.JPG
Olympus_mju-1050SW,Olympus_mju-1050SW_1_24166.JPG
Olympus_mju-1050SW,Olympus_mju-1050SW_1_24167.JPG
Olympus_mju-1050SW,Olympus_mju-1050SW_1_24168.JPG
Olympus_mju-1050SW,Olympus_mju-1050SW_1_24169.JPG
Olympus_mju-1050SW,Olympus_mju-1050SW_1_24170.JPG
Olympus_mju-1050SW,Olympus_mju-1050SW_1_24171.JPG
Olympus_mju-1050SW,Olympus_mju-1050SW_2_24645.JPG
Olympus_mju-1050SW,Olympus_mju-1050SW_2_24646.JPG
Olympus_mju-1050SW,Olympus_mju-1050SW_2_24647.JPG
Olympus_mju-1050SW,Olympus_mju-1050SW_2_24648.JPG
Olympus_mju-1050SW,Olympus_mju-1050SW_2_24649.JPG
Olympus_mju-1050SW,Olympus_mju-1050SW_2_24650.JPG
Olympus_mju-1050SW,Olympus_mju-1050SW_3_25131.JPG
Olympus_mju-1050SW,Olympus_mju-1050SW_3_25132.JPG
Olympus_mju-1050SW,Olympus_mju-1050SW_3_25133.JPG
Olympus_mju-1050SW,Olympus_mju-1050SW_3_25134.JPG
Olympus_mju-1050SW,Olympus_mju-1050SW_4_25583.JPG
Olympus_mju-1050SW,Olympus_mju-1050SW_4_25584.JPG
Olympus_mju-1050SW,Olympus_mju-1050SW_4_25585.JPG
Olympus_mju-1050SW,Olympus_mju-1050SW_4_25586.JPG
Canon_Ixus70,Canon_Ixus70_0_3285.JPG
Canon_Ixus70,Canon_Ixus70_0_3286.JPG
Canon_Ixus70,Canon_Ixus70_0_3287.JPG
Canon_Ixus70,Canon_Ixus70_1_3722.JPG
Canon_Ixus70,Canon_Ixus70_1_3723.JPG
Canon_Ixus70,Canon_Ixus70_1_3724.JPG
Canon_Ixus70,Canon_Ixus70_2_4152.JPG
Canon_Ixus70,Canon_Ixus70_2_4153.JPG
Canon_Ixus70,Canon_Ixus70_2_4154.JPG
Nikon_D200,Nikon_D200_0_15036.JPG
Nikon_D200,Nikon_D200_0_15038.JPG
Nikon_D200,Nikon_D200_0_15040.JPG
Nikon_D200,Nikon_D200_0_15054.JPG
Nikon_D200,Nikon_D200_0_15056.JPG
Nikon_D200,Nikon_D200_0_15058.JPG
Nikon_D200,Nikon_D200_1_17364.JPG
Nikon_D200,Nikon_D200_1_17366.JPG
Nikon_D200,Nikon_D200_1_17368.JPG
Nikon_D200,Nikon_D200_1_17370.JPG
Nikon_D200,Nikon_D200_1_17372.JPG
Nikon_D200,Nikon_D200_1_17374.JPG
Olympus_mju-1050SW,Olympus_mju-1050SW_0_23706.JPG
Olympus_mju-1050SW,Olympus_mju-1050SW_0_23707.JPG
Olympus_mju-1050SW,Olympus_mju-1050SW_0_23708.JPG
Olympus_mju-1050SW,Olympus_mju-1050SW_0_23709.JPG
Olympus_mju-1050SW,Olympus_mju-1050SW_1_24162.JPG
Olympus_mju-1050SW,Olympus_mju-1050SW_1_24163.JPG
Olympus_mju-1050SW,Olympus_mju-1050SW_1_24164.JPG
Olympus_mju-1050SW,Olympus_mju-1050SW_1_24165.JPG
Olympus_mju-1050SW,Olympus_mju-1050SW_2_24641.JPG
Olympus_mju-1050SW,Olympus_mju-1050SW_2_24642.JPG
Olympus_mju-1050SW,Olympus_mju-1050SW_2_24643.JPG
Olympus_mju-1050SW,Olympus_mju-1050SW_2_24644.JPG
Olympus_mju-1050SW,Olympus_mju-1050SW_3_25127.JPG
Olympus_mju-1050SW,Olympus_mju-1050SW_3_25128.JPG
Olympus_mju-1050SW,Olympus_mju-1050SW_3_25129.JPG
Olympus_mju-1050SW,Olympus_mju-1050SW_3_25130.JPG
Olympus_mju-1050SW,Olympus_mju-1050SW_4_25579.JPG
Olympus_mju-1050SW,Olympus_mju-1050SW_4_25580.JPG
Olympus_mju-1050SW,Olympus_mju-1050SW_4_25581.JPG
Olympus_mju-1050SW,Olympus_mju-1050SW_4_25582.JPG
Canon_Ixus70,Canon_Ixus70_0_3291.JPG
Canon_Ixus70,Canon_Ixus70_0_3292.JPG
Canon_Ixus70,Canon_Ixus70_0_3293.JPG
Canon_Ixus70,Canon_Ixus70_1_3728.JPG
Canon_Ixus70,Canon_Ixus70_1_3729.JPG
Canon_Ixus70,Canon_Ixus70_1_3730.JPG
Canon_Ixus70,Canon_Ixus70_2_4158.JPG
Canon_Ixus70,Canon_Ixus70_2_4159.JPG
Canon_Ixus70,Canon_Ixus70_2_4160.JPG
Nikon_D200,Nikon_D200_0_15060.JPG
Nikon_D200,Nikon_D200_0_15062.JPG
Nikon_D200,Nikon_D200_0_15064.JPG
Nikon_D200,Nikon_D200_0_15066.JPG
Nikon_D200,Nikon_D200_0_15068.JPG
Nikon_D200,Nikon_D200_0_15070.JPG
Nikon_D200,Nikon_D200_1_17382.JPG
Nikon_D200,Nikon_D200_1_17384.JPG
Nikon_D200,Nikon_D200_1_17386.JPG
Nikon_D200,Nikon_D200_1_17400.JPG
Nikon_D200,Nikon_D200_1_17402.JPG
Nikon_D200,Nikon_D200_1_17404.JPG
Olympus_mju-1050SW,Olympus_mju-1050SW_0_23714.JPG
Olympus_mju-1050SW,Olympus_mju-1050SW_0_23715.JPG
Olympus_mju-1050SW,Olympus_mju-1050SW_0_23716.JPG
Olympus_mju-1050SW,Olympus_mju-1050SW_0_23717.JPG
Olympus_mju-1050SW,Olympus_mju-1050SW_0_23718.JPG
Olympus_mju-1050SW,Olympus_mju-1050SW_0_23719.JPG
Olympus_mju-1050SW,Olympus_mju-1050SW_1_24172.JPG
Olympus_mju-1050SW,Olympus_mju-1050SW_1_24173.JPG
Olympus_mju-1050SW,Olympus_mju-1050SW_1_24174.JPG
Olympus_mju-1050SW,Olympus_mju-1050SW_2_24651.JPG
Olympus_mju-1050SW,Olympus_mju-1050SW_2_24652.JPG
Olympus_mju-1050SW,Olympus_mju-1050SW_2_24653.JPG
Olympus_mju-1050SW,Olympus_mju-1050SW_2_24654.JPG
Olympus_mju-1050SW,Olympus_mju-1050SW_2_24655.JPG
Olympus_mju-1050SW,Olympus_mju-1050SW_2_24656.JPG
Olympus_mju-1050SW,Olympus_mju-1050SW_3_25135.JPG
Olympus_mju-1050SW,Olympus_mju-1050SW_3_25136.JPG
Olympus_mju-1050SW,Olympus_mju-1050SW_3_25137.JPG
Olympus_mju-1050SW,Olympus_mju-1050SW_3_25138.JPG
Olympus_mju-1050SW,Olympus_mju-1050SW_4_25587.JPG
Olympus_mju-1050SW,Olympus_mju-1050SW_4_25588.JPG
Olympus_mju-1050SW,Olympus_mju-1050SW_4_25589.JPG
Canon_Ixus70,Canon_Ixus70_0_3294.JPG
Canon_Ixus70,Canon_Ixus70_0_3295.JPG
Canon_Ixus70,Canon_Ixus70_0_3296.JPG
Canon_Ixus70,Canon_Ixus70_1_3731.JPG
Canon_Ixus70,Canon_Ixus70_1_3732.JPG
Canon_Ixus70,Canon_Ixus70_1_3733.JPG
Canon_Ixus70,Canon_Ixus70_2_4161.JPG
Canon_Ixus70,Canon_Ixus70_2_4162.JPG
Canon_Ixus70,Canon_Ixus70_2_4163.JPG
Nikon_D200,Nikon_D200_0_15072.JPG
Nikon_D200,Nikon_D200_0_15074.JPG
Nikon_D200,Nikon_D200_0_15076.JPG
Nikon_D200,Nikon_D200_0_15078.JPG
Nikon_D200,Nikon_D200_0_15080.JPG
Nikon_D200,Nikon_D200_0_15082.JPG
Nikon_D200,Nikon_D200_1_17388.JPG
Nikon_D200,Nikon_D200_1_17390.JPG
Nikon_D200,Nikon_D200_1_17392.JPG
Nikon_D200,Nikon_D200_1_17394.JPG
Nikon_D200,Nikon_D200_1_17396.JPG
Nikon_D200,Nikon_D200_1_17398.JPG
Olympus_mju-1050SW,Olympus_mju-1050SW_0_23720.JPG
Olympus_mju-1050SW,Olympus_mju-1050SW_0_23721.JPG
Olympus_mju-1050SW,Olympus_mju-1050SW_0_23722.JPG
Olympus_mju-1050SW,Olympus_mju-1050SW_0_23723.JPG
Olympus_mju-1050SW,Olympus_mju-1050SW_0_23724.JPG
Olympus_mju-1050SW,Olympus_mju-1050SW_0_23725.JPG
Olympus_mju-1050SW,Olympus_mju-1050SW_1_24175.JPG
Olympus_mju-1050SW,Olympus_mju-1050SW_1_24176.JPG
Olympus_mju-1050SW,Olympus_mju-1050SW_1_24177.JPG
Olympus_mju-1050SW,Olympus_mju-1050SW_1_24178.JPG
Olympus_mju-1050SW,Olympus_mju-1050SW_2_24657.JPG
Olympus_mju-1050SW,Olympus_mju-1050SW_2_24658.JPG
Olympus_mju-1050SW,Olympus_mju-1050SW_2_24659.JPG
Olympus_mju-1050SW,Olympus_mju-1050SW_2_24660.JPG
Olympus_mju-1050SW,Olympus_mju-1050SW_2_24661.JPG
Olympus_mju-1050SW,Olympus_mju-1050SW_2_24662.JPG
Olympus_mju-1050SW,Olympus_mju-1050SW_3_25139.JPG
Olympus_mju-1050SW,Olympus_mju-1050SW_3_25140.JPG
Olympus_mju-1050SW,Olympus_mju-1050SW_3_25141.JPG
Olympus_mju-1050SW,Olympus_mju-1050SW_3_25142.JPG
Olympus_mju-1050SW,Olympus_mju-1050SW_3_25143.JPG
Olympus_mju-1050SW,Olympus_mju-1050SW_3_25144.JPG
Olympus_mju-1050SW,Olympus_mju-1050SW_4_25590.JPG
Olympus_mju-1050SW,Olympus_mju-1050SW_4_25591.JPG
Olympus_mju-1050SW,Olympus_mju-1050SW_4_25592.JPG
Olympus_mju-1050SW,Olympus_mju-1050SW_4_25593.JPG
Olympus_mju-1050SW,Olympus_mju-1050SW_4_25594.JPG
Olympus_mju-1050SW,Olympus_mju-1050SW_4_25595.JPG
Canon_Ixus70,Canon_Ixus70_0_3297.JPG
Canon_Ixus70,Canon_Ixus70_0_3298.JPG
Canon_Ixus70,Canon_Ixus70_0_3299.JPG
Canon_Ixus70,Canon_Ixus70_0_3300.JPG
Canon_Ixus70,Canon_Ixus70_0_3301.JPG
Canon_Ixus70,Canon_Ixus70_0_3302.JPG
Canon_Ixus70,Canon_Ixus70_1_3734.JPG
Canon_Ixus70,Canon_Ixus70_1_3735.JPG
Canon_Ixus70,Canon_Ixus70_1_3736.JPG
Canon_Ixus70,Canon_Ixus70_1_3737.JPG
Canon_Ixus70,Canon_Ixus70_1_3738.JPG
Canon_Ixus70,Canon_Ixus70_1_3739.JPG
Canon_Ixus70,Canon_Ixus70_2_4164.JPG
Canon_Ixus70,Canon_Ixus70_2_4165.JPG
Canon_Ixus70,Canon_Ixus70_2_4166.JPG
Canon_Ixus70,Canon_Ixus70_2_4167.JPG
Canon_Ixus70,Canon_Ixus70_2_4168.JPG
Canon_Ixus70,Canon_Ixus70_2_4169.JPG
Nikon_D200,Nikon_D200_0_15084.JPG
Nikon_D200,Nikon_D200_0_15086.JPG
Nikon_D200,Nikon_D200_0_15088.JPG
Nikon_D200,Nikon_D200_0_15090.JPG
Nikon_D200,Nikon_D200_0_15092.JPG
Nikon_D200,Nikon_D200_0_15110.JPG
Nikon_D200,Nikon_D200_0_15112.JPG
Nikon_D200,Nikon_D200_0_15114.JPG
Nikon_D200,Nikon_D200_0_15116.JPG
Nikon_D200,Nikon_D200_1_17414.JPG
Nikon_D200,Nikon_D200_1_17416.JPG
Nikon_D200,Nikon_D200_1_17418.JPG
Nikon_D200,Nikon_D200_1_17420.JPG
Nikon_D200,Nikon_D200_1_17422.JPG
Nikon_D200,Nikon_D200_1_17424.JPG
Nikon_D200,Nikon_D200_1_17426.JPG
Nikon_D200,Nikon_D200_1_17428.JPG
Olympus_mju-1050SW,Olympus_mju-1050SW_0_23726.JPG
Olympus_mju-1050SW,Olympus_mju-1050SW_0_23727.JPG
Olympus_mju-1050SW,Olympus_mju-1050SW_0_23728.JPG
Olympus_mju-1050SW,Olympus_mju-1050SW_0_23729.JPG
Olympus_mju-1050SW,Olympus_mju-1050SW_0_23730.JPG
Olympus_mju-1050SW,Olympus_mju-1050SW_0_23731.JPG
Olympus_mju-1050SW,Olympus_mju-1050SW_1_24179.JPG
Olympus_mju-1050SW,Olympus_mju-1050SW_1_24180.JPG
Olympus_mju-1050SW,Olympus_mju-1050SW_1_24181.JPG
Olympus_mju-1050SW,Olympus_mju-1050SW_1_24182.JPG
Olympus_mju-1050SW,Olympus_mju-1050SW_1_24183.JPG
Olympus_mju-1050SW,Olympus_mju-1050SW_1_24184.JPG
Olympus_mju-1050SW,Olympus_mju-1050SW_2_24663.JPG
Olympus_mju-1050SW,Olympus_mju-1050SW_2_24664.JPG
Olympus_mju-1050SW,Olympus_mju-1050SW_2_24665.JPG
Olympus_mju-1050SW,Olympus_mju-1050SW_2_24666.JPG
Olympus_mju-1050SW,Olympus_mju-1050SW_2_24667.JPG
Olympus_mju-1050SW,Olympus_mju-1050SW_2_24668.JPG
Olympus_mju-1050SW,Olympus_mju-1050SW_3_25145.JPG
Olympus_mju-1050SW,Olympus_mju-1050SW_3_25146.JPG
Olympus_mju-1050SW,Olympus_mju-1050SW_3_25147.JPG
Olympus_mju-1050SW,Olympus_mju-1050SW_3_25148.JPG
Olympus_mju-1050SW,Olympus_mju-1050SW_3_25149.JPG
Olympus_mju-1050SW,Olympus_mju-1050SW_3_25150.JPG
Olympus_mju-1050SW,Olympus_mju-1050SW_4_25596.JPG
Olympus_mju-1050SW,Olympus_mju-1050SW_4_25597.JPG
Olympus_mju-1050SW,Olympus_mju-1050SW_4_25598.JPG
Olympus_mju-1050SW,Olympus_mju-1050SW_4_25599.JPG
Olympus_mju-1050SW,Olympus_mju-1050SW_4_25600.JPG
Olympus_mju-1050SW,Olympus_mju-1050SW_4_25601.JPG
Canon_Ixus70,Canon_Ixus70_0_3303.JPG
Canon_Ixus70,Canon_Ixus70_0_3304.JPG
Canon_Ixus70,Canon_Ixus70_0_3305.JPG
Canon_Ixus70,Canon_Ixus70_0_3306.JPG
Canon_Ixus70,Canon_Ixus70_0_3307.JPG
Canon_Ixus70,Canon_Ixus70_0_3308.JPG
Canon_Ixus70,Canon_Ixus70_1_3740.JPG
Canon_Ixus70,Canon_Ixus70_1_3741.JPG
Canon_Ixus70,Canon_Ixus70_1_3742.JPG
Canon_Ixus70,Canon_Ixus70_1_3743.JPG
Canon_Ixus70,Canon_Ixus70_1_3744.JPG
Canon_Ixus70,Canon_Ixus70_1_3745.JPG
Canon_Ixus70,Canon_Ixus70_2_4170.JPG
Canon_Ixus70,Canon_Ixus70_2_4171.JPG
Canon_Ixus70,Canon_Ixus70_2_4172.JPG
Canon_Ixus70,Canon_Ixus70_2_4173.JPG
Canon_Ixus70,Canon_Ixus70_2_4174.JPG
Canon_Ixus70,Canon_Ixus70_2_4175.JPG
Nikon_D200,Nikon_D200_0_15094.JPG
Nikon_D200,Nikon_D200_0_15096.JPG
Nikon_D200,Nikon_D200_0_15098.JPG
Nikon_D200,Nikon_D200_0_15100.JPG
Nikon_D200,Nikon_D200_0_15102.JPG
Nikon_D200,Nikon_D200_0_15104.JPG
Nikon_D200,Nikon_D200_0_15106.JPG
Nikon_D200,Nikon_D200_0_15108.JPG
Nikon_D200,Nikon_D200_1_17408.JPG
Nikon_D200,Nikon_D200_1_17410.JPG
Nikon_D200,Nikon_D200_1_17412.JPG
Nikon_D200,Nikon_D200_1_17430.JPG
Nikon_D200,Nikon_D200_1_17432.JPG
Nikon_D200,Nikon_D200_1_17434.JPG
Olympus_mju-1050SW,Olympus_mju-1050SW_0_23732.JPG
Olympus_mju-1050SW,Olympus_mju-1050SW_0_23733.JPG
Olympus_mju-1050SW,Olympus_mju-1050SW_0_23734.JPG
Olympus_mju-1050SW,Olympus_mju-1050SW_0_23735.JPG
Olympus_mju-1050SW,Olympus_mju-1050SW_0_23736.JPG
Olympus_mju-1050SW,Olympus_mju-1050SW_0_23737.JPG
Olympus_mju-1050SW,Olympus_mju-1050SW_1_24185.JPG
Olympus_mju-1050SW,Olympus_mju-1050SW_1_24186.JPG
Olympus_mju-1050SW,Olympus_mju-1050SW_1_24187.JPG
Olympus_mju-1050SW,Olympus_mju-1050SW_1_24188.JPG
Olympus_mju-1050SW,Olympus_mju-1050SW_1_24189.JPG
Olympus_mju-1050SW,Olympus_mju-1050SW_1_24190.JPG
Olympus_mju-1050SW,Olympus_mju-1050SW_2_24669.JPG
Olympus_mju-1050SW,Olympus_mju-1050SW_2_24670.JPG
Olympus_mju-1050SW,Olympus_mju-1050SW_2_24671.JPG
Olympus_mju-1050SW,Olympus_mju-1050SW_2_24672.JPG
Olympus_mju-1050SW,Olympus_mju-1050SW_2_24673.JPG
Olympus_mju-1050SW,Olympus_mju-1050SW_2_24674.JPG
Olympus_mju-1050SW,Olympus_mju-1050SW_3_25151.JPG
Olympus_mju-1050SW,Olympus_mju-1050SW_3_25152.JPG
Olympus_mju-1050SW,Olympus_mju-1050SW_3_25153.JPG
Olympus_mju-1050SW,Olympus_mju-1050SW_3_25154.JPG
Olympus_mju-1050SW,Olympus_mju-1050SW_3_25155.JPG
Olympus_mju-1050SW,Olympus_mju-1050SW_3_25156.JPG
Olympus_mju-1050SW,Olympus_mju-1050SW_4_25602.JPG
Olympus_mju-1050SW,Olympus_mju-1050SW_4_25603.JPG
Olympus_mju-1050SW,Olympus_mju-1050SW_4_25604.JPG
Olympus_mju-1050SW,Olympus_mju-1050SW_4_25605.JPG
Olympus_mju-1050SW,Olympus_mju-1050SW_4_25606.JPG
Olympus_mju-1050SW,Olympus_mju-1050SW_4_25607.JPG
Canon_Ixus70,Canon_Ixus70_0_3312.JPG
Canon_Ixus70,Canon_Ixus70_0_3313.JPG
Canon_Ixus70,Canon_Ixus70_0_3314.JPG
Canon_Ixus70,Canon_Ixus70_1_3749.JPG
Canon_Ixus70,Canon_Ixus70_1_3750.JPG
Canon_Ixus70,Canon_Ixus70_1_3751.JPG
Canon_Ixus70,Canon_Ixus70_2_4215.JPG
Canon_Ixus70,Canon_Ixus70_2_4216.JPG
Canon_Ixus70,Canon_Ixus70_2_4217.JPG
Nikon_D200,Nikon_D200_0_15127.JPG
Nikon_D200,Nikon_D200_0_15129.JPG
Nikon_D200,Nikon_D200_0_15131.JPG
Nikon_D200,Nikon_D200_0_15133.JPG
Nikon_D200,Nikon_D200_0_15135.JPG
Nikon_D200,Nikon_D200_0_15137.JPG
Nikon_D200,Nikon_D200_0_15157.JPG
Nikon_D200,Nikon_D200_0_15159.JPG
Nikon_D200,Nikon_D200_0_15161.JPG
Nikon_D200,Nikon_D200_1_17450.JPG
Nikon_D200,Nikon_D200_1_17452.JPG
Nikon_D200,Nikon_D200_1_17454.JPG
Nikon_D200,Nikon_D200_1_17456.JPG
Nikon_D200,Nikon_D200_1_17458.JPG
Nikon_D200,Nikon_D200_1_17460.JPG
Olympus_mju-1050SW,Olympus_mju-1050SW_0_23741.JPG
Olympus_mju-1050SW,Olympus_mju-1050SW_0_23742.JPG
Olympus_mju-1050SW,Olympus_mju-1050SW_0_23743.JPG
Olympus_mju-1050SW,Olympus_mju-1050SW_0_23744.JPG
Olympus_mju-1050SW,Olympus_mju-1050SW_0_23745.JPG
Olympus_mju-1050SW,Olympus_mju-1050SW_1_24194.JPG
Olympus_mju-1050SW,Olympus_mju-1050SW_1_24195.JPG
Olympus_mju-1050SW,Olympus_mju-1050SW_1_24196.JPG
Olympus_mju-1050SW,Olympus_mju-1050SW_1_24197.JPG
Olympus_mju-1050SW,Olympus_mju-1050SW_1_24198.JPG
Olympus_mju-1050SW,Olympus_mju-1050SW_2_24679.JPG
Olympus_mju-1050SW,Olympus_mju-1050SW_2_24680.JPG
Olympus_mju-1050SW,Olympus_mju-1050SW_2_24682.JPG
Olympus_mju-1050SW,Olympus_mju-1050SW_2_24683.JPG
Olympus_mju-1050SW,Olympus_mju-1050SW_2_24684.JPG
Olympus_mju-1050SW,Olympus_mju-1050SW_3_25160.JPG
Olympus_mju-1050SW,Olympus_mju-1050SW_3_25161.JPG
Olympus_mju-1050SW,Olympus_mju-1050SW_3_25162.JPG
Olympus_mju-1050SW,Olympus_mju-1050SW_3_25163.JPG
Olympus_mju-1050SW,Olympus_mju-1050SW_3_25164.JPG
Olympus_mju-1050SW,Olympus_mju-1050SW_4_25635.JPG
Olympus_mju-1050SW,Olympus_mju-1050SW_4_25636.JPG
Olympus_mju-1050SW,Olympus_mju-1050SW_4_25637.JPG
Olympus_mju-1050SW,Olympus_mju-1050SW_4_25638.JPG
Olympus_mju-1050SW,Olympus_mju-1050SW_4_25639.JPG
Canon_Ixus70,Canon_Ixus70_0_3309.JPG
Canon_Ixus70,Canon_Ixus70_0_3310.JPG
Canon_Ixus70,Canon_Ixus70_0_3311.JPG
Canon_Ixus70,Canon_Ixus70_1_3746.JPG
Canon_Ixus70,Canon_Ixus70_1_3747.JPG
Canon_Ixus70,Canon_Ixus70_1_3748.JPG
Canon_Ixus70,Canon_Ixus70_2_4212.JPG
Canon_Ixus70,Canon_Ixus70_2_4213.JPG
Canon_Ixus70,Canon_Ixus70_2_4214.JPG
Nikon_D200,Nikon_D200_0_15145.JPG
Nikon_D200,Nikon_D200_0_15147.JPG
Nikon_D200,Nikon_D200_0_15149.JPG
Nikon_D200,Nikon_D200_0_15151.JPG
Nikon_D200,Nikon_D200_0_15153.JPG
Nikon_D200,Nikon_D200_0_15155.JPG
Nikon_D200,Nikon_D200_1_17444.JPG
Nikon_D200,Nikon_D200_1_17446.JPG
Nikon_D200,Nikon_D200_1_17448.JPG
Nikon_D200,Nikon_D200_1_17462.JPG
Nikon_D200,Nikon_D200_1_17464.JPG
Nikon_D200,Nikon_D200_1_17466.JPG
Olympus_mju-1050SW,Olympus_mju-1050SW_0_23738.JPG
Olympus_mju-1050SW,Olympus_mju-1050SW_0_23739.JPG
Olympus_mju-1050SW,Olympus_mju-1050SW_0_23740.JPG
Olympus_mju-1050SW,Olympus_mju-1050SW_1_24191.JPG
Olympus_mju-1050SW,Olympus_mju-1050SW_1_24192.JPG
Olympus_mju-1050SW,Olympus_mju-1050SW_1_24193.JPG
Olympus_mju-1050SW,Olympus_mju-1050SW_2_24675.JPG
Olympus_mju-1050SW,Olympus_mju-1050SW_2_24676.JPG
Olympus_mju-1050SW,Olympus_mju-1050SW_2_24677.JPG
Olympus_mju-1050SW,Olympus_mju-1050SW_2_24678.JPG
Olympus_mju-1050SW,Olympus_mju-1050SW_3_25157.JPG
Olympus_mju-1050SW,Olympus_mju-1050SW_3_25158.JPG
Olympus_mju-1050SW,Olympus_mju-1050SW_3_25159.JPG
Olympus_mju-1050SW,Olympus_mju-1050SW_4_25632.JPG
Olympus_mju-1050SW,Olympus_mju-1050SW_4_25633.JPG
Olympus_mju-1050SW,Olympus_mju-1050SW_4_25634.JPG
Canon_Ixus70,Canon_Ixus70_0_3315.JPG
Canon_Ixus70,Canon_Ixus70_0_3316.JPG
Canon_Ixus70,Canon_Ixus70_0_3317.JPG
Canon_Ixus70,Canon_Ixus70_1_3752.JPG
Canon_Ixus70,Canon_Ixus70_1_3753.JPG
Canon_Ixus70,Canon_Ixus70_1_3754.JPG
Canon_Ixus70,Canon_Ixus70_2_4218.JPG
Canon_Ixus70,Canon_Ixus70_2_4219.JPG
Canon_Ixus70,Canon_Ixus70_2_4220.JPG
Nikon_D200,Nikon_D200_0_15163.JPG
Nikon_D200,Nikon_D200_0_15165.JPG
Nikon_D200,Nikon_D200_0_15167.JPG
Nikon_D200,Nikon_D200_0_15187.JPG
Nikon_D200,Nikon_D200_0_15189.JPG
Nikon_D200,Nikon_D200_0_15191.JPG
Nikon_D200,Nikon_D200_1_17474.JPG
Nikon_D200,Nikon_D200_1_17476.JPG
Nikon_D200,Nikon_D200_1_17478.JPG
Nikon_D200,Nikon_D200_1_17480.JPG
Nikon_D200,Nikon_D200_1_17482.JPG
Nikon_D200,Nikon_D200_1_17484.JPG
Olympus_mju-1050SW,Olympus_mju-1050SW_0_23746.JPG
Olympus_mju-1050SW,Olympus_mju-1050SW_0_23747.JPG
Olympus_mju-1050SW,Olympus_mju-1050SW_0_23748.JPG
Olympus_mju-1050SW,Olympus_mju-1050SW_0_23749.JPG
Olympus_mju-1050SW,Olympus_mju-1050SW_1_24199.JPG
Olympus_mju-1050SW,Olympus_mju-1050SW_1_24200.JPG
Olympus_mju-1050SW,Olympus_mju-1050SW_1_24201.JPG
Olympus_mju-1050SW,Olympus_mju-1050SW_1_24202.JPG
Olympus_mju-1050SW,Olympus_mju-1050SW_2_24685.JPG
Olympus_mju-1050SW,Olympus_mju-1050SW_2_24686.JPG
Olympus_mju-1050SW,Olympus_mju-1050SW_2_24687.JPG
Olympus_mju-1050SW,Olympus_mju-1050SW_2_24688.JPG
Olympus_mju-1050SW,Olympus_mju-1050SW_3_25165.JPG
Olympus_mju-1050SW,Olympus_mju-1050SW_3_25166.JPG
Olympus_mju-1050SW,Olympus_mju-1050SW_3_25167.JPG
Olympus_mju-1050SW,Olympus_mju-1050SW_3_25168.JPG
Olympus_mju-1050SW,Olympus_mju-1050SW_4_25640.JPG
Olympus_mju-1050SW,Olympus_mju-1050SW_4_25641.JPG
Olympus_mju-1050SW,Olympus_mju-1050SW_4_25642.JPG
Olympus_mju-1050SW,Olympus_mju-1050SW_4_25643.JPG
Canon_Ixus70,Canon_Ixus70_0_3318.JPG
Canon_Ixus70,Canon_Ixus70_0_3319.JPG
Canon_Ixus70,Canon_Ixus70_0_3320.JPG
Canon_Ixus70,Canon_Ixus70_1_3755.JPG
Canon_Ixus70,Canon_Ixus70_1_3756.JPG
Canon_Ixus70,Canon_Ixus70_1_3757.JPG
Canon_Ixus70,Canon_Ixus70_2_4221.JPG
Canon_Ixus70,Canon_Ixus70_2_4222.JPG
Canon_Ixus70,Canon_Ixus70_2_4223.JPG
Nikon_D200,Nikon_D200_0_15169.JPG
Nikon_D200,Nikon_D200_0_15171.JPG
Nikon_D200,Nikon_D200_0_15173.JPG
Nikon_D200,Nikon_D200_0_15175.JPG
Nikon_D200,Nikon_D200_0_15177.JPG
Nikon_D200,Nikon_D200_0_15179.JPG
Nikon_D200,Nikon_D200_0_15181.JPG
Nikon_D200,Nikon_D200_0_15183.JPG
Nikon_D200,Nikon_D200_0_15185.JPG
Nikon_D200,Nikon_D200_1_17468.JPG
Nikon_D200,Nikon_D200_1_17470.JPG
Nikon_D200,Nikon_D200_1_17472.JPG
Nikon_D200,Nikon_D200_1_17486.JPG
Nikon_D200,Nikon_D200_1_17488.JPG
Nikon_D200,Nikon_D200_1_17490.JPG
Nikon_D200,Nikon_D200_1_17492.JPG
Nikon_D200,Nikon_D200_1_17494.JPG
Olympus_mju-1050SW,Olympus_mju-1050SW_0_23750.JPG
Olympus_mju-1050SW,Olympus_mju-1050SW_0_23751.JPG
Olympus_mju-1050SW,Olympus_mju-1050SW_0_23752.JPG
Olympus_mju-1050SW,Olympus_mju-1050SW_1_24203.JPG
Olympus_mju-1050SW,Olympus_mju-1050SW_1_24204.JPG
Olympus_mju-1050SW,Olympus_mju-1050SW_1_24205.JPG
Olympus_mju-1050SW,Olympus_mju-1050SW_2_24689.JPG
Olympus_mju-1050SW,Olympus_mju-1050SW_2_24690.JPG
Olympus_mju-1050SW,Olympus_mju-1050SW_2_24691.JPG
Olympus_mju-1050SW,Olympus_mju-1050SW_3_25169.JPG
Olympus_mju-1050SW,Olympus_mju-1050SW_3_25170.JPG
Olympus_mju-1050SW,Olympus_mju-1050SW_3_25171.JPG
Olympus_mju-1050SW,Olympus_mju-1050SW_3_25172.JPG
Olympus_mju-1050SW,Olympus_mju-1050SW_3_25173.JPG
Olympus_mju-1050SW,Olympus_mju-1050SW_4_25644.JPG
Olympus_mju-1050SW,Olympus_mju-1050SW_4_25645.JPG
Olympus_mju-1050SW,Olympus_mju-1050SW_4_25646.JPG
Canon_Ixus70,Canon_Ixus70_0_3321.JPG
Canon_Ixus70,Canon_Ixus70_0_3322.JPG
Canon_Ixus70,Canon_Ixus70_0_3323.JPG
Canon_Ixus70,Canon_Ixus70_1_3758.JPG
Canon_Ixus70,Canon_Ixus70_1_3759.JPG
Canon_Ixus70,Canon_Ixus70_1_3760.JPG
Canon_Ixus70,Canon_Ixus70_2_4224.JPG
Canon_Ixus70,Canon_Ixus70_2_4225.JPG
Canon_Ixus70,Canon_Ixus70_2_4226.JPG
Nikon_D200,Nikon_D200_0_15193.JPG
Nikon_D200,Nikon_D200_0_15195.JPG
Nikon_D200,Nikon_D200_0_15197.JPG
Nikon_D200,Nikon_D200_0_15199.JPG
Nikon_D200,Nikon_D200_0_15213.JPG
Nikon_D200,Nikon_D200_0_15215.JPG
Nikon_D200,Nikon_D200_0_15217.JPG
Nikon_D200,Nikon_D200_0_15219.JPG
Nikon_D200,Nikon_D200_1_17502.JPG
Nikon_D200,Nikon_D200_1_17504.JPG
Nikon_D200,Nikon_D200_1_17506.JPG
Nikon_D200,Nikon_D200_1_17508.JPG
Nikon_D200,Nikon_D200_1_17510.JPG
Nikon_D200,Nikon_D200_1_17512.JPG
Nikon_D200,Nikon_D200_1_17514.JPG
Nikon_D200,Nikon_D200_1_17516.JPG
Nikon_D200,Nikon_D200_1_17518.JPG
Olympus_mju-1050SW,Olympus_mju-1050SW_0_23753.JPG
Olympus_mju-1050SW,Olympus_mju-1050SW_0_23754.JPG
Olympus_mju-1050SW,Olympus_mju-1050SW_0_23755.JPG
Olympus_mju-1050SW,Olympus_mju-1050SW_1_24206.JPG
Olympus_mju-1050SW,Olympus_mju-1050SW_1_24207.JPG
Olympus_mju-1050SW,Olympus_mju-1050SW_1_24208.JPG
Olympus_mju-1050SW,Olympus_mju-1050SW_2_24692.JPG
Olympus_mju-1050SW,Olympus_mju-1050SW_2_24693.JPG
Olympus_mju-1050SW,Olympus_mju-1050SW_2_24694.JPG
Olympus_mju-1050SW,Olympus_mju-1050SW_2_24695.JPG
Olympus_mju-1050SW,Olympus_mju-1050SW_3_25174.JPG
Olympus_mju-1050SW,Olympus_mju-1050SW_3_25175.JPG
Olympus_mju-1050SW,Olympus_mju-1050SW_3_25176.JPG
Olympus_mju-1050SW,Olympus_mju-1050SW_4_25647.JPG
Olympus_mju-1050SW,Olympus_mju-1050SW_4_25648.JPG
Olympus_mju-1050SW,Olympus_mju-1050SW_4_25649.JPG
Canon_Ixus70,Canon_Ixus70_0_3324.JPG
Canon_Ixus70,Canon_Ixus70_0_3325.JPG
Canon_Ixus70,Canon_Ixus70_0_3326.JPG
Canon_Ixus70,Canon_Ixus70_1_3761.JPG
Canon_Ixus70,Canon_Ixus70_1_3762.JPG
Canon_Ixus70,Canon_Ixus70_1_3763.JPG
Canon_Ixus70,Canon_Ixus70_2_4227.JPG
Canon_Ixus70,Canon_Ixus70_2_4228.JPG
Canon_Ixus70,Canon_Ixus70_2_4229.JPG
Nikon_D200,Nikon_D200_0_15201.JPG
Nikon_D200,Nikon_D200_0_15203.JPG
Nikon_D200,Nikon_D200_0_15205.JPG
Nikon_D200,Nikon_D200_0_15207.JPG
Nikon_D200,Nikon_D200_0_15209.JPG
Nikon_D200,Nikon_D200_0_15211.JPG
Nikon_D200,Nikon_D200_1_17496.JPG
Nikon_D200,Nikon_D200_1_17498.JPG
Nikon_D200,Nikon_D200_1_17500.JPG
Nikon_D200,Nikon_D200_1_17520.JPG
Nikon_D200,Nikon_D200_1_17522.JPG
Nikon_D200,Nikon_D200_1_17524.JPG
Nikon_D200,Nikon_D200_1_17526.JPG
Nikon_D200,Nikon_D200_1_17528.JPG
Olympus_mju-1050SW,Olympus_mju-1050SW_0_23756.JPG
Olympus_mju-1050SW,Olympus_mju-1050SW_0_23757.JPG
Olympus_mju-1050SW,Olympus_mju-1050SW_0_23758.JPG
Olympus_mju-1050SW,Olympus_mju-1050SW_1_24209.JPG
Olympus_mju-1050SW,Olympus_mju-1050SW_1_24210.JPG
Olympus_mju-1050SW,Olympus_mju-1050SW_1_24211.JPG
Olympus_mju-1050SW,Olympus_mju-1050SW_2_24696.JPG
Olympus_mju-1050SW,Olympus_mju-1050SW_2_24697.JPG
Olympus_mju-1050SW,Olympus_mju-1050SW_2_24698.JPG
Olympus_mju-1050SW,Olympus_mju-1050SW_3_25177.JPG
Olympus_mju-1050SW,Olympus_mju-1050SW_3_25178.JPG
Olympus_mju-1050SW,Olympus_mju-1050SW_3_25179.JPG
Olympus_mju-1050SW,Olympus_mju-1050SW_4_25650.JPG
Olympus_mju-1050SW,Olympus_mju-1050SW_4_25651.JPG
Olympus_mju-1050SW,Olympus_mju-1050SW_4_25652.JPG
Canon_Ixus70,Canon_Ixus70_0_3327.JPG
Canon_Ixus70,Canon_Ixus70_0_3328.JPG
Canon_Ixus70,Canon_Ixus70_0_3329.JPG
Canon_Ixus70,Canon_Ixus70_1_3764.JPG
Canon_Ixus70,Canon_Ixus70_1_3765.JPG
Canon_Ixus70,Canon_Ixus70_1_3766.JPG
Canon_Ixus70,Canon_Ixus70_2_4230.JPG
Canon_Ixus70,Canon_Ixus70_2_4231.JPG
Canon_Ixus70,Canon_Ixus70_2_4232.JPG
Nikon_D200,Nikon_D200_0_15221.JPG
Nikon_D200,Nikon_D200_0_15223.JPG
Nikon_D200,Nikon_D200_0_15225.JPG
Nikon_D200,Nikon_D200_0_15239.JPG
Nikon_D200,Nikon_D200_0_15241.JPG
Nikon_D200,Nikon_D200_0_15243.JPG
Nikon_D200,Nikon_D200_1_17536.JPG
Nikon_D200,Nikon_D200_1_17538.JPG
Nikon_D200,Nikon_D200_1_17540.JPG
Nikon_D200,Nikon_D200_1_17542.JPG
Nikon_D200,Nikon_D200_1_17544.JPG
Nikon_D200,Nikon_D200_1_17546.JPG
Nikon_D200,Nikon_D200_1_17548.JPG
Nikon_D200,Nikon_D200_1_17550.JPG
Olympus_mju-1050SW,Olympus_mju-1050SW_0_23759.JPG
Olympus_mju-1050SW,Olympus_mju-1050SW_0_23760.JPG
Olympus_mju-1050SW,Olympus_mju-1050SW_0_23761.JPG
Olympus_mju-1050SW,Olympus_mju-1050SW_0_23762.JPG
Olympus_mju-1050SW,Olympus_mju-1050SW_1_24212.JPG
Olympus_mju-1050SW,Olympus_mju-1050SW_1_24213.JPG
Olympus_mju-1050SW,Olympus_mju-1050SW_1_24214.JPG
Olympus_mju-1050SW,Olympus_mju-1050SW_2_24699.JPG
Olympus_mju-1050SW,Olympus_mju-1050SW_2_24700.JPG
Olympus_mju-1050SW,Olympus_mju-1050SW_2_24701.JPG
Olympus_mju-1050SW,Olympus_mju-1050SW_3_25180.JPG
Olympus_mju-1050SW,Olympus_mju-1050SW_3_25181.JPG
Olympus_mju-1050SW,Olympus_mju-1050SW_3_25182.JPG
Olympus_mju-1050SW,Olympus_mju-1050SW_4_25653.JPG
Olympus_mju-1050SW,Olympus_mju-1050SW_4_25654.JPG
Olympus_mju-1050SW,Olympus_mju-1050SW_4_25655.JPG
Canon_Ixus70,Canon_Ixus70_0_3330.JPG
Canon_Ixus70,Canon_Ixus70_0_3331.JPG
Canon_Ixus70,Canon_Ixus70_0_3332.JPG
Canon_Ixus70,Canon_Ixus70_1_3767.JPG
Canon_Ixus70,Canon_Ixus70_1_3768.JPG
Canon_Ixus70,Canon_Ixus70_1_3769.JPG
Canon_Ixus70,Canon_Ixus70_2_4233.JPG
Canon_Ixus70,Canon_Ixus70_2_4234.JPG
Canon_Ixus70,Canon_Ixus70_2_4235.JPG
Nikon_D200,Nikon_D200_0_15227.JPG
Nikon_D200,Nikon_D200_0_15229.JPG
Nikon_D200,Nikon_D200_0_15231.JPG
Nikon_D200,Nikon_D200_0_15233.JPG
Nikon_D200,Nikon_D200_0_15235.JPG
Nikon_D200,Nikon_D200_0_15237.JPG
Nikon_D200,Nikon_D200_1_17530.JPG
Nikon_D200,Nikon_D200_1_17532.JPG
Nikon_D200,Nikon_D200_1_17534.JPG
Nikon_D200,Nikon_D200_1_17552.JPG
Nikon_D200,Nikon_D200_1_17554.JPG
Nikon_D200,Nikon_D200_1_17556.JPG
Olympus_mju-1050SW,Olympus_mju-1050SW_0_23763.JPG
Olympus_mju-1050SW,Olympus_mju-1050SW_0_23764.JPG
Olympus_mju-1050SW,Olympus_mju-1050SW_0_23765.JPG
Olympus_mju-1050SW,Olympus_mju-1050SW_0_23766.JPG
Olympus_mju-1050SW,Olympus_mju-1050SW_1_24215.JPG
Olympus_mju-1050SW,Olympus_mju-1050SW_1_24216.JPG
Olympus_mju-1050SW,Olympus_mju-1050SW_1_24217.JPG
Olympus_mju-1050SW,Olympus_mju-1050SW_1_24218.JPG
Olympus_mju-1050SW,Olympus_mju-1050SW_2_24706.JPG
Olympus_mju-1050SW,Olympus_mju-1050SW_2_24707.JPG
Olympus_mju-1050SW,Olympus_mju-1050SW_2_24708.JPG
Olympus_mju-1050SW,Olympus_mju-1050SW_2_24709.JPG
Olympus_mju-1050SW,Olympus_mju-1050SW_3_25183.JPG
Olympus_mju-1050SW,Olympus_mju-1050SW_3_25184.JPG
Olympus_mju-1050SW,Olympus_mju-1050SW_3_25185.JPG
Olympus_mju-1050SW,Olympus_mju-1050SW_3_25186.JPG
Olympus_mju-1050SW,Olympus_mju-1050SW_4_25656.JPG
Olympus_mju-1050SW,Olympus_mju-1050SW_4_25657.JPG
Olympus_mju-1050SW,Olympus_mju-1050SW_4_25658.JPG
Olympus_mju-1050SW,Olympus_mju-1050SW_4_25659.JPG
Olympus_mju-1050SW,Olympus_mju-1050SW_4_25660.JPG
Olympus_mju-1050SW,Olympus_mju-1050SW_4_25661.JPG
Canon_Ixus70,Canon_Ixus70_0_3337.JPG
Canon_Ixus70,Canon_Ixus70_0_3338.JPG
Canon_Ixus70,Canon_Ixus70_0_3339.JPG
Canon_Ixus70,Canon_Ixus70_0_3340.JPG
Canon_Ixus70,Canon_Ixus70_0_3341.JPG
Canon_Ixus70,Canon_Ixus70_0_3342.JPG
Canon_Ixus70,Canon_Ixus70_1_3770.JPG
Canon_Ixus70,Canon_Ixus70_1_3771.JPG
Canon_Ixus70,Canon_Ixus70_1_3772.JPG
Canon_Ixus70,Canon_Ixus70_1_3773.JPG
Canon_Ixus70,Canon_Ixus70_1_3774.JPG
Canon_Ixus70,Canon_Ixus70_1_3775.JPG
Canon_Ixus70,Canon_Ixus70_2_4239.JPG
Canon_Ixus70,Canon_Ixus70_2_4240.JPG
Canon_Ixus70,Canon_Ixus70_2_4241.JPG
Canon_Ixus70,Canon_Ixus70_2_4242.JPG
Canon_Ixus70,Canon_Ixus70_2_4243.JPG
Canon_Ixus70,Canon_Ixus70_2_4244.JPG
Nikon_D200,Nikon_D200_0_15245.JPG
Nikon_D200,Nikon_D200_0_15247.JPG
Nikon_D200,Nikon_D200_0_15249.JPG
Nikon_D200,Nikon_D200_0_15257.JPG
Nikon_D200,Nikon_D200_0_15259.JPG
Nikon_D200,Nikon_D200_0_15261.JPG
Nikon_D200,Nikon_D200_1_17564.JPG
Nikon_D200,Nikon_D200_1_17566.JPG
Nikon_D200,Nikon_D200_1_17568.JPG
Nikon_D200,Nikon_D200_1_17576.JPG
Nikon_D200,Nikon_D200_1_17578.JPG
Nikon_D200,Nikon_D200_1_17580.JPG
Olympus_mju-1050SW,Olympus_mju-1050SW_0_23767.JPG
Olympus_mju-1050SW,Olympus_mju-1050SW_0_23768.JPG
Olympus_mju-1050SW,Olympus_mju-1050SW_0_23769.JPG
Olympus_mju-1050SW,Olympus_mju-1050SW_0_23770.JPG
Olympus_mju-1050SW,Olympus_mju-1050SW_0_23771.JPG
Olympus_mju-1050SW,Olympus_mju-1050SW_0_23772.JPG
Olympus_mju-1050SW,Olympus_mju-1050SW_1_24223.JPG
Olympus_mju-1050SW,Olympus_mju-1050SW_1_24224.JPG
Olympus_mju-1050SW,Olympus_mju-1050SW_1_24225.JPG
Olympus_mju-1050SW,Olympus_mju-1050SW_1_24226.JPG
Olympus_mju-1050SW,Olympus_mju-1050SW_1_24227.JPG
Olympus_mju-1050SW,Olympus_mju-1050SW_1_24228.JPG
Olympus_mju-1050SW,Olympus_mju-1050SW_2_24710.JPG
Olympus_mju-1050SW,Olympus_mju-1050SW_2_24711.JPG
Olympus_mju-1050SW,Olympus_mju-1050SW_2_24712.JPG
Olympus_mju-1050SW,Olympus_mju-1050SW_2_24713.JPG
Olympus_mju-1050SW,Olympus_mju-1050SW_2_24714.JPG
Olympus_mju-1050SW,Olympus_mju-1050SW_2_24715.JPG
Olympus_mju-1050SW,Olympus_mju-1050SW_2_24716.JPG
Olympus_mju-1050SW,Olympus_mju-1050SW_3_25187.JPG
Olympus_mju-1050SW,Olympus_mju-1050SW_3_25188.JPG
Olympus_mju-1050SW,Olympus_mju-1050SW_3_25189.JPG
Olympus_mju-1050SW,Olympus_mju-1050SW_3_25190.JPG
Olympus_mju-1050SW,Olympus_mju-1050SW_3_25191.JPG
Olympus_mju-1050SW,Olympus_mju-1050SW_3_25192.JPG
Olympus_mju-1050SW,Olympus_mju-1050SW_4_25666.JPG
Olympus_mju-1050SW,Olympus_mju-1050SW_4_25667.JPG
Olympus_mju-1050SW,Olympus_mju-1050SW_4_25668.JPG
Olympus_mju-1050SW,Olympus_mju-1050SW_4_25669.JPG
Olympus_mju-1050SW,Olympus_mju-1050SW_4_25670.JPG
Olympus_mju-1050SW,Olympus_mju-1050SW_4_25671.JPG
Canon_Ixus70,Canon_Ixus70_0_3333.JPG
Canon_Ixus70,Canon_Ixus70_0_3334.JPG
Canon_Ixus70,Canon_Ixus70_0_3335.JPG
Canon_Ixus70,Canon_Ixus70_0_3336.JPG
Canon_Ixus70,Canon_Ixus70_1_3776.JPG
Canon_Ixus70,Canon_Ixus70_1_3777.JPG
Canon_Ixus70,Canon_Ixus70_1_3778.JPG
Canon_Ixus70,Canon_Ixus70_1_3779.JPG
Canon_Ixus70,Canon_Ixus70_2_4236.JPG
Canon_Ixus70,Canon_Ixus70_2_4237.JPG
Canon_Ixus70,Canon_Ixus70_2_4238.JPG
Nikon_D200,Nikon_D200_0_15251.JPG
Nikon_D200,Nikon_D200_0_15253.JPG
Nikon_D200,Nikon_D200_0_15255.JPG
Nikon_D200,Nikon_D200_0_15263.JPG
Nikon_D200,Nikon_D200_0_15265.JPG
Nikon_D200,Nikon_D200_0_15267.JPG
Nikon_D200,Nikon_D200_1_17558.JPG
Nikon_D200,Nikon_D200_1_17560.JPG
Nikon_D200,Nikon_D200_1_17562.JPG
Nikon_D200,Nikon_D200_1_17570.JPG
Nikon_D200,Nikon_D200_1_17572.JPG
Nikon_D200,Nikon_D200_1_17574.JPG
Olympus_mju-1050SW,Olympus_mju-1050SW_0_23773.JPG
Olympus_mju-1050SW,Olympus_mju-1050SW_0_23774.JPG
Olympus_mju-1050SW,Olympus_mju-1050SW_0_23775.JPG
Olympus_mju-1050SW,Olympus_mju-1050SW_0_23776.JPG
Olympus_mju-1050SW,Olympus_mju-1050SW_1_24219.JPG
Olympus_mju-1050SW,Olympus_mju-1050SW_1_24220.JPG
Olympus_mju-1050SW,Olympus_mju-1050SW_1_24221.JPG
Olympus_mju-1050SW,Olympus_mju-1050SW_1_24222.JPG
Olympus_mju-1050SW,Olympus_mju-1050SW_2_24717.JPG
Olympus_mju-1050SW,Olympus_mju-1050SW_2_24718.JPG
Olympus_mju-1050SW,Olympus_mju-1050SW_2_24719.JPG
Olympus_mju-1050SW,Olympus_mju-1050SW_2_24720.JPG
Olympus_mju-1050SW,Olympus_mju-1050SW_2_24721.JPG
Olympus_mju-1050SW,Olympus_mju-1050SW_3_25193.JPG
Olympus_mju-1050SW,Olympus_mju-1050SW_3_25194.JPG
Olympus_mju-1050SW,Olympus_mju-1050SW_3_25195.JPG
Olympus_mju-1050SW,Olympus_mju-1050SW_3_25196.JPG
Olympus_mju-1050SW,Olympus_mju-1050SW_4_25662.JPG
Olympus_mju-1050SW,Olympus_mju-1050SW_4_25663.JPG
Olympus_mju-1050SW,Olympus_mju-1050SW_4_25664.JPG
Olympus_mju-1050SW,Olympus_mju-1050SW_4_25665.JPG
Canon_Ixus70,Canon_Ixus70_0_3343.JPG
Canon_Ixus70,Canon_Ixus70_0_3344.JPG
Canon_Ixus70,Canon_Ixus70_0_3345.JPG
Canon_Ixus70,Canon_Ixus70_0_3346.JPG
Canon_Ixus70,Canon_Ixus70_0_3347.JPG
Canon_Ixus70,Canon_Ixus70_1_3788.JPG
Canon_Ixus70,Canon_Ixus70_1_3789.JPG
Canon_Ixus70,Canon_Ixus70_1_3790.JPG
Canon_Ixus70,Canon_Ixus70_1_3791.JPG
Canon_Ixus70,Canon_Ixus70_1_3792.JPG
Canon_Ixus70,Canon_Ixus70_2_4245.JPG
Canon_Ixus70,Canon_Ixus70_2_4246.JPG
Canon_Ixus70,Canon_Ixus70_2_4247.JPG
Canon_Ixus70,Canon_Ixus70_2_4248.JPG
Canon_Ixus70,Canon_Ixus70_2_4249.JPG
Nikon_D200,Nikon_D200_0_15269.JPG
Nikon_D200,Nikon_D200_0_15271.JPG
Nikon_D200,Nikon_D200_0_15273.JPG
Nikon_D200,Nikon_D200_0_15289.JPG
Nikon_D200,Nikon_D200_0_15291.JPG
Nikon_D200,Nikon_D200_0_15293.JPG
Nikon_D200,Nikon_D200_1_17592.JPG
Nikon_D200,Nikon_D200_1_17594.JPG
Nikon_D200,Nikon_D200_1_17596.JPG
Nikon_D200,Nikon_D200_1_17598.JPG
Nikon_D200,Nikon_D200_1_17600.JPG
Nikon_D200,Nikon_D200_1_17602.JPG
Olympus_mju-1050SW,Olympus_mju-1050SW_0_23783.JPG
Olympus_mju-1050SW,Olympus_mju-1050SW_0_23784.JPG
Olympus_mju-1050SW,Olympus_mju-1050SW_0_23785.JPG
Olympus_mju-1050SW,Olympus_mju-1050SW_0_23786.JPG
Olympus_mju-1050SW,Olympus_mju-1050SW_0_23787.JPG
Olympus_mju-1050SW,Olympus_mju-1050SW_0_23788.JPG
Olympus_mju-1050SW,Olympus_mju-1050SW_1_24229.JPG
Olympus_mju-1050SW,Olympus_mju-1050SW_1_24230.JPG
Olympus_mju-1050SW,Olympus_mju-1050SW_1_24231.JPG
Olympus_mju-1050SW,Olympus_mju-1050SW_1_24232.JPG
Olympus_mju-1050SW,Olympus_mju-1050SW_1_24233.JPG
Olympus_mju-1050SW,Olympus_mju-1050SW_1_24234.JPG
Olympus_mju-1050SW,Olympus_mju-1050SW_2_24728.JPG
Olympus_mju-1050SW,Olympus_mju-1050SW_2_24729.JPG
Olympus_mju-1050SW,Olympus_mju-1050SW_2_24730.JPG
Olympus_mju-1050SW,Olympus_mju-1050SW_2_24731.JPG
Olympus_mju-1050SW,Olympus_mju-1050SW_2_24732.JPG
Olympus_mju-1050SW,Olympus_mju-1050SW_2_24733.JPG
Olympus_mju-1050SW,Olympus_mju-1050SW_3_25197.JPG
Olympus_mju-1050SW,Olympus_mju-1050SW_3_25198.JPG
Olympus_mju-1050SW,Olympus_mju-1050SW_3_25199.JPG
Olympus_mju-1050SW,Olympus_mju-1050SW_3_25200.JPG
Olympus_mju-1050SW,Olympus_mju-1050SW_3_25201.JPG
Olympus_mju-1050SW,Olympus_mju-1050SW_3_25202.JPG
Olympus_mju-1050SW,Olympus_mju-1050SW_4_25678.JPG
Olympus_mju-1050SW,Olympus_mju-1050SW_4_25679.JPG
Olympus_mju-1050SW,Olympus_mju-1050SW_4_25680.JPG
Olympus_mju-1050SW,Olympus_mju-1050SW_4_25681.JPG
Olympus_mju-1050SW,Olympus_mju-1050SW_4_25682.JPG
Olympus_mju-1050SW,Olympus_mju-1050SW_4_25683.JPG
Canon_Ixus70,Canon_Ixus70_0_3348.JPG
Canon_Ixus70,Canon_Ixus70_0_3349.JPG
Canon_Ixus70,Canon_Ixus70_0_3350.JPG
Canon_Ixus70,Canon_Ixus70_0_3352.JPG
Canon_Ixus70,Canon_Ixus70_0_3353.JPG
Canon_Ixus70,Canon_Ixus70_0_3354.JPG
Canon_Ixus70,Canon_Ixus70_1_3780.JPG
Canon_Ixus70,Canon_Ixus70_1_3781.JPG
Canon_Ixus70,Canon_Ixus70_1_3782.JPG
Canon_Ixus70,Canon_Ixus70_1_3783.JPG
Canon_Ixus70,Canon_Ixus70_1_3784.JPG
Canon_Ixus70,Canon_Ixus70_1_3785.JPG
Canon_Ixus70,Canon_Ixus70_1_3786.JPG
Canon_Ixus70,Canon_Ixus70_1_3787.JPG
Canon_Ixus70,Canon_Ixus70_2_4250.JPG
Canon_Ixus70,Canon_Ixus70_2_4251.JPG
Canon_Ixus70,Canon_Ixus70_2_4252.JPG
Canon_Ixus70,Canon_Ixus70_2_4253.JPG
Canon_Ixus70,Canon_Ixus70_2_4254.JPG
Canon_Ixus70,Canon_Ixus70_2_4255.JPG
Nikon_D200,Nikon_D200_0_15275.JPG
Nikon_D200,Nikon_D200_0_15277.JPG
Nikon_D200,Nikon_D200_0_15279.JPG
Nikon_D200,Nikon_D200_0_15283.JPG
Nikon_D200,Nikon_D200_0_15285.JPG
Nikon_D200,Nikon_D200_0_15287.JPG
Nikon_D200,Nikon_D200_1_17586.JPG
Nikon_D200,Nikon_D200_1_17588.JPG
Nikon_D200,Nikon_D200_1_17590.JPG
Nikon_D200,Nikon_D200_1_17604.JPG
Nikon_D200,Nikon_D200_1_17606.JPG
Nikon_D200,Nikon_D200_1_17608.JPG
Nikon_D200,Nikon_D200_1_17610.JPG
Olympus_mju-1050SW,Olympus_mju-1050SW_0_23777.JPG
Olympus_mju-1050SW,Olympus_mju-1050SW_0_23778.JPG
Olympus_mju-1050SW,Olympus_mju-1050SW_0_23779.JPG
Olympus_mju-1050SW,Olympus_mju-1050SW_0_23780.JPG
Olympus_mju-1050SW,Olympus_mju-1050SW_0_23781.JPG
Olympus_mju-1050SW,Olympus_mju-1050SW_0_23782.JPG
Olympus_mju-1050SW,Olympus_mju-1050SW_1_24235.JPG
Olympus_mju-1050SW,Olympus_mju-1050SW_1_24236.JPG
Olympus_mju-1050SW,Olympus_mju-1050SW_1_24237.JPG
Olympus_mju-1050SW,Olympus_mju-1050SW_1_24238.JPG
Olympus_mju-1050SW,Olympus_mju-1050SW_1_24239.JPG
Olympus_mju-1050SW,Olympus_mju-1050SW_1_24240.JPG
Olympus_mju-1050SW,Olympus_mju-1050SW_2_24722.JPG
Olympus_mju-1050SW,Olympus_mju-1050SW_2_24723.JPG
Olympus_mju-1050SW,Olympus_mju-1050SW_2_24724.JPG
Olympus_mju-1050SW,Olympus_mju-1050SW_2_24725.JPG
Olympus_mju-1050SW,Olympus_mju-1050SW_2_24726.JPG
Olympus_mju-1050SW,Olympus_mju-1050SW_2_24727.JPG
Olympus_mju-1050SW,Olympus_mju-1050SW_3_25203.JPG
Olympus_mju-1050SW,Olympus_mju-1050SW_3_25204.JPG
Olympus_mju-1050SW,Olympus_mju-1050SW_3_25205.JPG
Olympus_mju-1050SW,Olympus_mju-1050SW_3_25206.JPG
Olympus_mju-1050SW,Olympus_mju-1050SW_3_25207.JPG
Olympus_mju-1050SW,Olympus_mju-1050SW_3_25208.JPG
Olympus_mju-1050SW,Olympus_mju-1050SW_4_25672.JPG
Olympus_mju-1050SW,Olympus_mju-1050SW_4_25673.JPG
Olympus_mju-1050SW,Olympus_mju-1050SW_4_25674.JPG
Olympus_mju-1050SW,Olympus_mju-1050SW_4_25675.JPG
Olympus_mju-1050SW,Olympus_mju-1050SW_4_25676.JPG
Olympus_mju-1050SW,Olympus_mju-1050SW_4_25677.JPG
Canon_Ixus70,Canon_Ixus70_0_3356.JPG
Canon_Ixus70,Canon_Ixus70_0_3357.JPG
Canon_Ixus70,Canon_Ixus70_0_3358.JPG
Canon_Ixus70,Canon_Ixus70_1_3793.JPG
Canon_Ixus70,Canon_Ixus70_1_3794.JPG
Canon_Ixus70,Canon_Ixus70_1_3795.JPG
Canon_Ixus70,Canon_Ixus70_2_4257.JPG
Canon_Ixus70,Canon_Ixus70_2_4258.JPG
Canon_Ixus70,Canon_Ixus70_2_4259.JPG
Canon_Ixus70,Canon_Ixus70_2_4260.JPG
Nikon_D200,Nikon_D200_0_15295.JPG
Nikon_D200,Nikon_D200_0_15297.JPG
Nikon_D200,Nikon_D200_0_15299.JPG
Nikon_D200,Nikon_D200_0_15313.JPG
Nikon_D200,Nikon_D200_0_15315.JPG
Nikon_D200,Nikon_D200_0_15317.JPG
Nikon_D200,Nikon_D200_1_17618.JPG
Nikon_D200,Nikon_D200_1_17620.JPG
Nikon_D200,Nikon_D200_1_17622.JPG
Nikon_D200,Nikon_D200_1_17624.JPG
Nikon_D200,Nikon_D200_1_17626.JPG
Nikon_D200,Nikon_D200_1_17628.JPG
Olympus_mju-1050SW,Olympus_mju-1050SW_0_23789.JPG
Olympus_mju-1050SW,Olympus_mju-1050SW_0_23790.JPG
Olympus_mju-1050SW,Olympus_mju-1050SW_0_23791.JPG
Olympus_mju-1050SW,Olympus_mju-1050SW_0_23792.JPG
Olympus_mju-1050SW,Olympus_mju-1050SW_0_23794.JPG
Olympus_mju-1050SW,Olympus_mju-1050SW_0_23795.JPG
Olympus_mju-1050SW,Olympus_mju-1050SW_1_24241.JPG
Olympus_mju-1050SW,Olympus_mju-1050SW_1_24242.JPG
Olympus_mju-1050SW,Olympus_mju-1050SW_1_24243.JPG
Olympus_mju-1050SW,Olympus_mju-1050SW_1_24244.JPG
Olympus_mju-1050SW,Olympus_mju-1050SW_1_24245.JPG
Olympus_mju-1050SW,Olympus_mju-1050SW_1_24246.JPG
Olympus_mju-1050SW,Olympus_mju-1050SW_2_24734.JPG
Olympus_mju-1050SW,Olympus_mju-1050SW_2_24735.JPG
Olympus_mju-1050SW,Olympus_mju-1050SW_2_24736.JPG
Olympus_mju-1050SW,Olympus_mju-1050SW_2_24737.JPG
Olympus_mju-1050SW,Olympus_mju-1050SW_2_24738.JPG
Olympus_mju-1050SW,Olympus_mju-1050SW_2_24739.JPG
Olympus_mju-1050SW,Olympus_mju-1050SW_3_25209.JPG
Olympus_mju-1050SW,Olympus_mju-1050SW_3_25210.JPG
Olympus_mju-1050SW,Olympus_mju-1050SW_3_25211.JPG
Olympus_mju-1050SW,Olympus_mju-1050SW_3_25212.JPG
Olympus_mju-1050SW,Olympus_mju-1050SW_3_25213.JPG
Olympus_mju-1050SW,Olympus_mju-1050SW_3_25214.JPG
Olympus_mju-1050SW,Olympus_mju-1050SW_4_25684.JPG
Olympus_mju-1050SW,Olympus_mju-1050SW_4_25685.JPG
Olympus_mju-1050SW,Olympus_mju-1050SW_4_25686.JPG
Olympus_mju-1050SW,Olympus_mju-1050SW_4_25687.JPG
Olympus_mju-1050SW,Olympus_mju-1050SW_4_25688.JPG
Olympus_mju-1050SW,Olympus_mju-1050SW_4_25689.JPG
Olympus_mju-1050SW,Olympus_mju-1050SW_4_25690.JPG
Canon_Ixus70,Canon_Ixus70_0_3359.JPG
Canon_Ixus70,Canon_Ixus70_0_3360.JPG
Canon_Ixus70,Canon_Ixus70_0_3361.JPG
Canon_Ixus70,Canon_Ixus70_0_3362.JPG
Canon_Ixus70,Canon_Ixus70_0_3363.JPG
Canon_Ixus70,Canon_Ixus70_0_3364.JPG
Canon_Ixus70,Canon_Ixus70_0_3365.JPG
Canon_Ixus70,Canon_Ixus70_0_3366.JPG
Canon_Ixus70,Canon_Ixus70_0_3367.JPG
Canon_Ixus70,Canon_Ixus70_0_3368.JPG
Canon_Ixus70,Canon_Ixus70_0_3375.JPG
Canon_Ixus70,Canon_Ixus70_0_3376.JPG
Canon_Ixus70,Canon_Ixus70_1_3796.JPG
Canon_Ixus70,Canon_Ixus70_1_3797.JPG
Canon_Ixus70,Canon_Ixus70_1_3798.JPG
Canon_Ixus70,Canon_Ixus70_1_3799.JPG
Canon_Ixus70,Canon_Ixus70_1_3800.JPG
Canon_Ixus70,Canon_Ixus70_1_3801.JPG
Canon_Ixus70,Canon_Ixus70_1_3802.JPG
Canon_Ixus70,Canon_Ixus70_1_3803.JPG
Canon_Ixus70,Canon_Ixus70_2_4261.JPG
Canon_Ixus70,Canon_Ixus70_2_4262.JPG
Canon_Ixus70,Canon_Ixus70_2_4263.JPG
Canon_Ixus70,Canon_Ixus70_2_4264.JPG
Canon_Ixus70,Canon_Ixus70_2_4265.JPG
Canon_Ixus70,Canon_Ixus70_2_4266.JPG
Nikon_D200,Nikon_D200_0_15301.JPG
Nikon_D200,Nikon_D200_0_15303.JPG
Nikon_D200,Nikon_D200_0_15305.JPG
Nikon_D200,Nikon_D200_0_15307.JPG
Nikon_D200,Nikon_D200_0_15309.JPG
Nikon_D200,Nikon_D200_0_15311.JPG
Nikon_D200,Nikon_D200_1_17612.JPG
Nikon_D200,Nikon_D200_1_17614.JPG
Nikon_D200,Nikon_D200_1_17616.JPG
Nikon_D200,Nikon_D200_1_17630.JPG
Nikon_D200,Nikon_D200_1_17632.JPG
Nikon_D200,Nikon_D200_1_17634.JPG
Olympus_mju-1050SW,Olympus_mju-1050SW_0_23796.JPG
Olympus_mju-1050SW,Olympus_mju-1050SW_0_23797.JPG
Olympus_mju-1050SW,Olympus_mju-1050SW_0_23798.JPG
Olympus_mju-1050SW,Olympus_mju-1050SW_0_23799.JPG
Olympus_mju-1050SW,Olympus_mju-1050SW_0_23800.JPG
Olympus_mju-1050SW,Olympus_mju-1050SW_0_23801.JPG
Olympus_mju-1050SW,Olympus_mju-1050SW_1_24247.JPG
Olympus_mju-1050SW,Olympus_mju-1050SW_1_24248.JPG
Olympus_mju-1050SW,Olympus_mju-1050SW_1_24249.JPG
Olympus_mju-1050SW,Olympus_mju-1050SW_1_24250.JPG
Olympus_mju-1050SW,Olympus_mju-1050SW_1_24251.JPG
Olympus_mju-1050SW,Olympus_mju-1050SW_1_24252.JPG
Olympus_mju-1050SW,Olympus_mju-1050SW_2_24740.JPG
Olympus_mju-1050SW,Olympus_mju-1050SW_2_24741.JPG
Olympus_mju-1050SW,Olympus_mju-1050SW_2_24742.JPG
Olympus_mju-1050SW,Olympus_mju-1050SW_2_24743.JPG
Olympus_mju-1050SW,Olympus_mju-1050SW_2_24744.JPG
Olympus_mju-1050SW,Olympus_mju-1050SW_2_24745.JPG
Olympus_mju-1050SW,Olympus_mju-1050SW_3_25215.JPG
Olympus_mju-1050SW,Olympus_mju-1050SW_3_25216.JPG
Olympus_mju-1050SW,Olympus_mju-1050SW_3_25217.JPG
Olympus_mju-1050SW,Olympus_mju-1050SW_3_25218.JPG
Olympus_mju-1050SW,Olympus_mju-1050SW_3_25219.JPG
Olympus_mju-1050SW,Olympus_mju-1050SW_3_25220.JPG
Olympus_mju-1050SW,Olympus_mju-1050SW_4_25691.JPG
Olympus_mju-1050SW,Olympus_mju-1050SW_4_25692.JPG
Olympus_mju-1050SW,Olympus_mju-1050SW_4_25693.JPG
Olympus_mju-1050SW,Olympus_mju-1050SW_4_25694.JPG
Olympus_mju-1050SW,Olympus_mju-1050SW_4_25695.JPG
Olympus_mju-1050SW,Olympus_mju-1050SW_4_25696.JPG
Canon_Ixus70,Canon_Ixus70_0_3377.JPG
Canon_Ixus70,Canon_Ixus70_0_3378.JPG
Canon_Ixus70,Canon_Ixus70_0_3379.JPG
Canon_Ixus70,Canon_Ixus70_1_3804.JPG
Canon_Ixus70,Canon_Ixus70_1_3805.JPG
Canon_Ixus70,Canon_Ixus70_1_3806.JPG
Canon_Ixus70,Canon_Ixus70_2_4267.JPG
Canon_Ixus70,Canon_Ixus70_2_4268.JPG
Canon_Ixus70,Canon_Ixus70_2_4269.JPG
Nikon_D200,Nikon_D200_0_15319.JPG
Nikon_D200,Nikon_D200_0_15321.JPG
Nikon_D200,Nikon_D200_0_15323.JPG
Nikon_D200,Nikon_D200_0_15337.JPG
Nikon_D200,Nikon_D200_0_15339.JPG
Nikon_D200,Nikon_D200_0_15341.JPG
Nikon_D200,Nikon_D200_0_15343.JPG
Nikon_D200,Nikon_D200_1_17642.JPG
Nikon_D200,Nikon_D200_1_17644.JPG
Nikon_D200,Nikon_D200_1_17646.JPG
Nikon_D200,Nikon_D200_1_17648.JPG
Nikon_D200,Nikon_D200_1_17650.JPG
Nikon_D200,Nikon_D200_1_17652.JPG
Nikon_D200,Nikon_D200_1_17654.JPG
Olympus_mju-1050SW,Olympus_mju-1050SW_0_23802.JPG
Olympus_mju-1050SW,Olympus_mju-1050SW_0_23803.JPG
Olympus_mju-1050SW,Olympus_mju-1050SW_0_23804.JPG
Olympus_mju-1050SW,Olympus_mju-1050SW_0_23805.JPG
Olympus_mju-1050SW,Olympus_mju-1050SW_1_24254.JPG
Olympus_mju-1050SW,Olympus_mju-1050SW_1_24255.JPG
Olympus_mju-1050SW,Olympus_mju-1050SW_1_24256.JPG
Olympus_mju-1050SW,Olympus_mju-1050SW_1_24257.JPG
Olympus_mju-1050SW,Olympus_mju-1050SW_2_24746.JPG
Olympus_mju-1050SW,Olympus_mju-1050SW_2_24747.JPG
Olympus_mju-1050SW,Olympus_mju-1050SW_2_24748.JPG
Olympus_mju-1050SW,Olympus_mju-1050SW_2_24749.JPG
Olympus_mju-1050SW,Olympus_mju-1050SW_2_24750.JPG
Olympus_mju-1050SW,Olympus_mju-1050SW_3_25221.JPG
Olympus_mju-1050SW,Olympus_mju-1050SW_3_25222.JPG
Olympus_mju-1050SW,Olympus_mju-1050SW_3_25223.JPG
Olympus_mju-1050SW,Olympus_mju-1050SW_3_25224.JPG
Olympus_mju-1050SW,Olympus_mju-1050SW_4_25697.JPG
Olympus_mju-1050SW,Olympus_mju-1050SW_4_25698.JPG
Olympus_mju-1050SW,Olympus_mju-1050SW_4_25699.JPG
Olympus_mju-1050SW,Olympus_mju-1050SW_4_25700.JPG
Canon_Ixus70,Canon_Ixus70_0_3380.JPG
Canon_Ixus70,Canon_Ixus70_0_3381.JPG
Canon_Ixus70,Canon_Ixus70_0_3382.JPG
Canon_Ixus70,Canon_Ixus70_1_3807.JPG
Canon_Ixus70,Canon_Ixus70_1_3808.JPG
Canon_Ixus70,Canon_Ixus70_1_3809.JPG
Canon_Ixus70,Canon_Ixus70_2_4270.JPG
Canon_Ixus70,Canon_Ixus70_2_4271.JPG
Canon_Ixus70,Canon_Ixus70_2_4272.JPG
Nikon_D200,Nikon_D200_0_15325.JPG
Nikon_D200,Nikon_D200_0_15327.JPG
Nikon_D200,Nikon_D200_0_15329.JPG
Nikon_D200,Nikon_D200_0_15331.JPG
Nikon_D200,Nikon_D200_0_15333.JPG
Nikon_D200,Nikon_D200_0_15335.JPG
Nikon_D200,Nikon_D200_1_17636.JPG
Nikon_D200,Nikon_D200_1_17638.JPG
Nikon_D200,Nikon_D200_1_17640.JPG
Nikon_D200,Nikon_D200_1_17656.JPG
Nikon_D200,Nikon_D200_1_17658.JPG
Nikon_D200,Nikon_D200_1_17660.JPG
Olympus_mju-1050SW,Olympus_mju-1050SW_0_23806.JPG
Olympus_mju-1050SW,Olympus_mju-1050SW_0_23807.JPG
Olympus_mju-1050SW,Olympus_mju-1050SW_0_23808.JPG
Olympus_mju-1050SW,Olympus_mju-1050SW_0_23809.JPG
Olympus_mju-1050SW,Olympus_mju-1050SW_1_24258.JPG
Olympus_mju-1050SW,Olympus_mju-1050SW_1_24259.JPG
Olympus_mju-1050SW,Olympus_mju-1050SW_1_24260.JPG
Olympus_mju-1050SW,Olympus_mju-1050SW_2_24751.JPG
Olympus_mju-1050SW,Olympus_mju-1050SW_2_24752.JPG
Olympus_mju-1050SW,Olympus_mju-1050SW_2_24753.JPG
Olympus_mju-1050SW,Olympus_mju-1050SW_3_25225.JPG
Olympus_mju-1050SW,Olympus_mju-1050SW_3_25226.JPG
Olympus_mju-1050SW,Olympus_mju-1050SW_3_25227.JPG
Olympus_mju-1050SW,Olympus_mju-1050SW_4_25701.JPG
Olympus_mju-1050SW,Olympus_mju-1050SW_4_25702.JPG
Olympus_mju-1050SW,Olympus_mju-1050SW_4_25703.JPG
Canon_Ixus70,Canon_Ixus70_0_3383.JPG
Canon_Ixus70,Canon_Ixus70_0_3384.JPG
Canon_Ixus70,Canon_Ixus70_0_3385.JPG
Canon_Ixus70,Canon_Ixus70_1_3810.JPG
Canon_Ixus70,Canon_Ixus70_1_3811.JPG
Canon_Ixus70,Canon_Ixus70_1_3812.JPG
Canon_Ixus70,Canon_Ixus70_1_3813.JPG
Canon_Ixus70,Canon_Ixus70_2_4273.JPG
Canon_Ixus70,Canon_Ixus70_2_4274.JPG
Canon_Ixus70,Canon_Ixus70_2_4275.JPG
Nikon_D200,Nikon_D200_0_15351.JPG
Nikon_D200,Nikon_D200_0_15353.JPG
Nikon_D200,Nikon_D200_0_15355.JPG
Nikon_D200,Nikon_D200_0_15359.JPG
Nikon_D200,Nikon_D200_0_15369.JPG
Nikon_D200,Nikon_D200_0_15371.JPG
Nikon_D200,Nikon_D200_1_17668.JPG
Nikon_D200,Nikon_D200_1_17670.JPG
Nikon_D200,Nikon_D200_1_17672.JPG
Nikon_D200,Nikon_D200_1_17674.JPG
Nikon_D200,Nikon_D200_1_17680.JPG
Nikon_D200,Nikon_D200_1_17682.JPG
Nikon_D200,Nikon_D200_1_17684.JPG
Olympus_mju-1050SW,Olympus_mju-1050SW_0_23810.JPG
Olympus_mju-1050SW,Olympus_mju-1050SW_0_23811.JPG
Olympus_mju-1050SW,Olympus_mju-1050SW_0_23812.JPG
Olympus_mju-1050SW,Olympus_mju-1050SW_1_24261.JPG
Olympus_mju-1050SW,Olympus_mju-1050SW_1_24262.JPG
Olympus_mju-1050SW,Olympus_mju-1050SW_1_24263.JPG
Olympus_mju-1050SW,Olympus_mju-1050SW_2_24754.JPG
Olympus_mju-1050SW,Olympus_mju-1050SW_2_24755.JPG
Olympus_mju-1050SW,Olympus_mju-1050SW_2_24756.JPG
Olympus_mju-1050SW,Olympus_mju-1050SW_3_25228.JPG
Olympus_mju-1050SW,Olympus_mju-1050SW_3_25229.JPG
Olympus_mju-1050SW,Olympus_mju-1050SW_3_25230.JPG
Olympus_mju-1050SW,Olympus_mju-1050SW_4_25704.JPG
Olympus_mju-1050SW,Olympus_mju-1050SW_4_25705.JPG
Olympus_mju-1050SW,Olympus_mju-1050SW_4_25706.JPG
Canon_Ixus70,Canon_Ixus70_0_3386.JPG
Canon_Ixus70,Canon_Ixus70_0_3387.JPG
Canon_Ixus70,Canon_Ixus70_0_3388.JPG
Canon_Ixus70,Canon_Ixus70_1_3814.JPG
Canon_Ixus70,Canon_Ixus70_1_3815.JPG
Canon_Ixus70,Canon_Ixus70_1_3816.JPG
Canon_Ixus70,Canon_Ixus70_2_4276.JPG
Canon_Ixus70,Canon_Ixus70_2_4277.JPG
Canon_Ixus70,Canon_Ixus70_2_4278.JPG
Nikon_D200,Nikon_D200_0_15357.JPG
Nikon_D200,Nikon_D200_0_15361.JPG
Nikon_D200,Nikon_D200_0_15363.JPG
Nikon_D200,Nikon_D200_0_15365.JPG
Nikon_D200,Nikon_D200_0_15367.JPG
Nikon_D200,Nikon_D200_0_15373.JPG
Nikon_D200,Nikon_D200_0_15375.JPG
Nikon_D200,Nikon_D200_1_17662.JPG
Nikon_D200,Nikon_D200_1_17664.JPG
Nikon_D200,Nikon_D200_1_17666.JPG
Nikon_D200,Nikon_D200_1_17686.JPG
Nikon_D200,Nikon_D200_1_17688.JPG
Nikon_D200,Nikon_D200_1_17690.JPG
Olympus_mju-1050SW,Olympus_mju-1050SW_0_23813.JPG
Olympus_mju-1050SW,Olympus_mju-1050SW_0_23814.JPG
Olympus_mju-1050SW,Olympus_mju-1050SW_0_23815.JPG
Olympus_mju-1050SW,Olympus_mju-1050SW_1_24264.JPG
Olympus_mju-1050SW,Olympus_mju-1050SW_1_24265.JPG
Olympus_mju-1050SW,Olympus_mju-1050SW_1_24266.JPG
Olympus_mju-1050SW,Olympus_mju-1050SW_2_24757.JPG
Olympus_mju-1050SW,Olympus_mju-1050SW_2_24758.JPG
Olympus_mju-1050SW,Olympus_mju-1050SW_2_24759.JPG
Olympus_mju-1050SW,Olympus_mju-1050SW_3_25231.JPG
Olympus_mju-1050SW,Olympus_mju-1050SW_3_25232.JPG
Olympus_mju-1050SW,Olympus_mju-1050SW_3_25233.JPG
Olympus_mju-1050SW,Olympus_mju-1050SW_4_25707.JPG
Olympus_mju-1050SW,Olympus_mju-1050SW_4_25708.JPG
Olympus_mju-1050SW,Olympus_mju-1050SW_4_25709.JPG
Canon_Ixus70,Canon_Ixus70_0_3389.JPG
Canon_Ixus70,Canon_Ixus70_0_3390.JPG
Canon_Ixus70,Canon_Ixus70_0_3391.JPG
Canon_Ixus70,Canon_Ixus70_1_3817.JPG
Canon_Ixus70,Canon_Ixus70_1_3818.JPG
Canon_Ixus70,Canon_Ixus70_1_3819.JPG
Canon_Ixus70,Canon_Ixus70_1_3820.JPG
Canon_Ixus70,Canon_Ixus70_2_4279.JPG
Canon_Ixus70,Canon_Ixus70_2_4280.JPG
Canon_Ixus70,Canon_Ixus70_2_4281.JPG
Nikon_D200,Nikon_D200_0_15385.JPG
Nikon_D200,Nikon_D200_0_15387.JPG
Nikon_D200,Nikon_D200_0_15389.JPG
Nikon_D200,Nikon_D200_0_15403.JPG
Nikon_D200,Nikon_D200_0_15405.JPG
Nikon_D200,Nikon_D200_0_15407.JPG
Nikon_D200,Nikon_D200_1_17698.JPG
Nikon_D200,Nikon_D200_1_17700.JPG
Nikon_D200,Nikon_D200_1_17702.JPG
Nikon_D200,Nikon_D200_1_17706.JPG
Nikon_D200,Nikon_D200_1_17708.JPG
Nikon_D200,Nikon_D200_1_17710.JPG
Olympus_mju-1050SW,Olympus_mju-1050SW_0_23816.JPG
Olympus_mju-1050SW,Olympus_mju-1050SW_0_23817.JPG
Olympus_mju-1050SW,Olympus_mju-1050SW_0_23818.JPG
Olympus_mju-1050SW,Olympus_mju-1050SW_1_24267.JPG
Olympus_mju-1050SW,Olympus_mju-1050SW_1_24268.JPG
Olympus_mju-1050SW,Olympus_mju-1050SW_1_24269.JPG
Olympus_mju-1050SW,Olympus_mju-1050SW_2_24760.JPG
Olympus_mju-1050SW,Olympus_mju-1050SW_2_24761.JPG
Olympus_mju-1050SW,Olympus_mju-1050SW_2_24762.JPG
Olympus_mju-1050SW,Olympus_mju-1050SW_2_24763.JPG
Olympus_mju-1050SW,Olympus_mju-1050SW_3_25234.JPG
Olympus_mju-1050SW,Olympus_mju-1050SW_3_25235.JPG
Olympus_mju-1050SW,Olympus_mju-1050SW_3_25236.JPG
Olympus_mju-1050SW,Olympus_mju-1050SW_3_25237.JPG
Olympus_mju-1050SW,Olympus_mju-1050SW_4_25710.JPG
Olympus_mju-1050SW,Olympus_mju-1050SW_4_25711.JPG
Olympus_mju-1050SW,Olympus_mju-1050SW_4_25712.JPG
Canon_Ixus70,Canon_Ixus70_0_3392.JPG
Canon_Ixus70,Canon_Ixus70_0_3393.JPG
Canon_Ixus70,Canon_Ixus70_0_3394.JPG
Canon_Ixus70,Canon_Ixus70_1_3821.JPG
Canon_Ixus70,Canon_Ixus70_1_3822.JPG
Canon_Ixus70,Canon_Ixus70_1_3823.JPG
Canon_Ixus70,Canon_Ixus70_2_4282.JPG
Canon_Ixus70,Canon_Ixus70_2_4283.JPG
Canon_Ixus70,Canon_Ixus70_2_4284.JPG
Nikon_D200,Nikon_D200_0_15391.JPG
Nikon_D200,Nikon_D200_0_15393.JPG
Nikon_D200,Nikon_D200_0_15395.JPG
Nikon_D200,Nikon_D200_0_15397.JPG
Nikon_D200,Nikon_D200_0_15399.JPG
Nikon_D200,Nikon_D200_0_15401.JPG
Nikon_D200,Nikon_D200_1_17692.JPG
Nikon_D200,Nikon_D200_1_17694.JPG
Nikon_D200,Nikon_D200_1_17696.JPG
Nikon_D200,Nikon_D200_1_17712.JPG
Nikon_D200,Nikon_D200_1_17714.JPG
Nikon_D200,Nikon_D200_1_17716.JPG
Olympus_mju-1050SW,Olympus_mju-1050SW_0_23819.JPG
Olympus_mju-1050SW,Olympus_mju-1050SW_0_23820.JPG
Olympus_mju-1050SW,Olympus_mju-1050SW_0_23821.JPG
Olympus_mju-1050SW,Olympus_mju-1050SW_1_24270.JPG
Olympus_mju-1050SW,Olympus_mju-1050SW_1_24271.JPG
Olympus_mju-1050SW,Olympus_mju-1050SW_1_24272.JPG
Olympus_mju-1050SW,Olympus_mju-1050SW_2_24764.JPG
Olympus_mju-1050SW,Olympus_mju-1050SW_2_24765.JPG
Olympus_mju-1050SW,Olympus_mju-1050SW_2_24766.JPG
Olympus_mju-1050SW,Olympus_mju-1050SW_3_25238.JPG
Olympus_mju-1050SW,Olympus_mju-1050SW_3_25239.JPG
Olympus_mju-1050SW,Olympus_mju-1050SW_3_25240.JPG
Olympus_mju-1050SW,Olympus_mju-1050SW_4_25713.JPG
Olympus_mju-1050SW,Olympus_mju-1050SW_4_25714.JPG
Olympus_mju-1050SW,Olympus_mju-1050SW_4_25715.JPG
Canon_Ixus70,Canon_Ixus70_0_3399.JPG
Canon_Ixus70,Canon_Ixus70_0_3400.JPG
Canon_Ixus70,Canon_Ixus70_0_3401.JPG
Canon_Ixus70,Canon_Ixus70_1_3828.JPG
Canon_Ixus70,Canon_Ixus70_1_3829.JPG
Canon_Ixus70,Canon_Ixus70_1_3830.JPG
Canon_Ixus70,Canon_Ixus70_2_4288.JPG
Canon_Ixus70,Canon_Ixus70_2_4289.JPG
Canon_Ixus70,Canon_Ixus70_2_4290.JPG
Nikon_D200,Nikon_D200_0_15409.JPG
Nikon_D200,Nikon_D200_0_15411.JPG
Nikon_D200,Nikon_D200_0_15413.JPG
Nikon_D200,Nikon_D200_0_15427.JPG
Nikon_D200,Nikon_D200_0_15429.JPG
Nikon_D200,Nikon_D200_0_15431.JPG
Nikon_D200,Nikon_D200_1_17734.JPG
Nikon_D200,Nikon_D200_1_17736.JPG
Nikon_D200,Nikon_D200_1_17738.JPG
Nikon_D200,Nikon_D200_1_17740.JPG
Nikon_D200,Nikon_D200_1_17742.JPG
Nikon_D200,Nikon_D200_1_17744.JPG
Olympus_mju-1050SW,Olympus_mju-1050SW_0_23828.JPG
Olympus_mju-1050SW,Olympus_mju-1050SW_0_23829.JPG
Olympus_mju-1050SW,Olympus_mju-1050SW_0_23830.JPG
Olympus_mju-1050SW,Olympus_mju-1050SW_1_24279.JPG
Olympus_mju-1050SW,Olympus_mju-1050SW_1_24280.JPG
Olympus_mju-1050SW,Olympus_mju-1050SW_1_24281.JPG
Olympus_mju-1050SW,Olympus_mju-1050SW_2_24773.JPG
Olympus_mju-1050SW,Olympus_mju-1050SW_2_24774.JPG
Olympus_mju-1050SW,Olympus_mju-1050SW_2_24775.JPG
Olympus_mju-1050SW,Olympus_mju-1050SW_3_25247.JPG
Olympus_mju-1050SW,Olympus_mju-1050SW_3_25248.JPG
Olympus_mju-1050SW,Olympus_mju-1050SW_3_25249.JPG
Olympus_mju-1050SW,Olympus_mju-1050SW_3_25250.JPG
Olympus_mju-1050SW,Olympus_mju-1050SW_4_25723.JPG
Olympus_mju-1050SW,Olympus_mju-1050SW_4_25724.JPG
Olympus_mju-1050SW,Olympus_mju-1050SW_4_25725.JPG
Canon_Ixus70,Canon_Ixus70_0_3395.JPG
Canon_Ixus70,Canon_Ixus70_0_3396.JPG
Canon_Ixus70,Canon_Ixus70_0_3397.JPG
Canon_Ixus70,Canon_Ixus70_0_3398.JPG
Canon_Ixus70,Canon_Ixus70_1_3824.JPG
Canon_Ixus70,Canon_Ixus70_1_3825.JPG
Canon_Ixus70,Canon_Ixus70_1_3826.JPG
Canon_Ixus70,Canon_Ixus70_1_3827.JPG
Canon_Ixus70,Canon_Ixus70_2_4285.JPG
Canon_Ixus70,Canon_Ixus70_2_4286.JPG
Canon_Ixus70,Canon_Ixus70_2_4287.JPG
Nikon_D200,Nikon_D200_0_15415.JPG
Nikon_D200,Nikon_D200_0_15417.JPG
Nikon_D200,Nikon_D200_0_15419.JPG
Nikon_D200,Nikon_D200_0_15421.JPG
Nikon_D200,Nikon_D200_0_15423.JPG
Nikon_D200,Nikon_D200_0_15425.JPG
Nikon_D200,Nikon_D200_1_17726.JPG
Nikon_D200,Nikon_D200_1_17728.JPG
Nikon_D200,Nikon_D200_1_17730.JPG
Nikon_D200,Nikon_D200_1_17732.JPG
Nikon_D200,Nikon_D200_1_17746.JPG
Nikon_D200,Nikon_D200_1_17748.JPG
Nikon_D200,Nikon_D200_1_17750.JPG
Olympus_mju-1050SW,Olympus_mju-1050SW_0_23822.JPG
Olympus_mju-1050SW,Olympus_mju-1050SW_0_23823.JPG
Olympus_mju-1050SW,Olympus_mju-1050SW_0_23824.JPG
Olympus_mju-1050SW,Olympus_mju-1050SW_0_23825.JPG
Olympus_mju-1050SW,Olympus_mju-1050SW_0_23826.JPG
Olympus_mju-1050SW,Olympus_mju-1050SW_0_23827.JPG
Olympus_mju-1050SW,Olympus_mju-1050SW_1_24273.JPG
Olympus_mju-1050SW,Olympus_mju-1050SW_1_24274.JPG
Olympus_mju-1050SW,Olympus_mju-1050SW_1_24275.JPG
Olympus_mju-1050SW,Olympus_mju-1050SW_1_24276.JPG
Olympus_mju-1050SW,Olympus_mju-1050SW_1_24277.JPG
Olympus_mju-1050SW,Olympus_mju-1050SW_1_24278.JPG
Olympus_mju-1050SW,Olympus_mju-1050SW_2_24767.JPG
Olympus_mju-1050SW,Olympus_mju-1050SW_2_24768.JPG
Olympus_mju-1050SW,Olympus_mju-1050SW_2_24769.JPG
Olympus_mju-1050SW,Olympus_mju-1050SW_2_24770.JPG
Olympus_mju-1050SW,Olympus_mju-1050SW_2_24771.JPG
Olympus_mju-1050SW,Olympus_mju-1050SW_2_24772.JPG
Olympus_mju-1050SW,Olympus_mju-1050SW_3_25241.JPG
Olympus_mju-1050SW,Olympus_mju-1050SW_3_25242.JPG
Olympus_mju-1050SW,Olympus_mju-1050SW_3_25243.JPG
Olympus_mju-1050SW,Olympus_mju-1050SW_3_25244.JPG
Olympus_mju-1050SW,Olympus_mju-1050SW_3_25245.JPG
Olympus_mju-1050SW,Olympus_mju-1050SW_3_25246.JPG
Olympus_mju-1050SW,Olympus_mju-1050SW_4_25716.JPG
Olympus_mju-1050SW,Olympus_mju-1050SW_4_25717.JPG
Olympus_mju-1050SW,Olympus_mju-1050SW_4_25718.JPG
Olympus_mju-1050SW,Olympus_mju-1050SW_4_25719.JPG
Olympus_mju-1050SW,Olympus_mju-1050SW_4_25720.JPG
Olympus_mju-1050SW,Olympus_mju-1050SW_4_25721.JPG
Olympus_mju-1050SW,Olympus_mju-1050SW_4_25722.JPG
Canon_Ixus70,Canon_Ixus70_0_3408.JPG
Canon_Ixus70,Canon_Ixus70_0_3409.JPG
Canon_Ixus70,Canon_Ixus70_0_3410.JPG
Canon_Ixus70,Canon_Ixus70_0_3411.JPG
Canon_Ixus70,Canon_Ixus70_0_3412.JPG
Canon_Ixus70,Canon_Ixus70_0_3413.JPG
Canon_Ixus70,Canon_Ixus70_1_3838.JPG
Canon_Ixus70,Canon_Ixus70_1_3839.JPG
Canon_Ixus70,Canon_Ixus70_1_3840.JPG
Canon_Ixus70,Canon_Ixus70_1_3841.JPG
Canon_Ixus70,Canon_Ixus70_1_3842.JPG
Canon_Ixus70,Canon_Ixus70_1_3843.JPG
Canon_Ixus70,Canon_Ixus70_2_4298.JPG
Canon_Ixus70,Canon_Ixus70_2_4299.JPG
Canon_Ixus70,Canon_Ixus70_2_4300.JPG
Canon_Ixus70,Canon_Ixus70_2_4301.JPG
Canon_Ixus70,Canon_Ixus70_2_4302.JPG
Canon_Ixus70,Canon_Ixus70_2_4303.JPG
Nikon_D200,Nikon_D200_0_15433.JPG
Nikon_D200,Nikon_D200_0_15435.JPG
Nikon_D200,Nikon_D200_0_15437.JPG
Nikon_D200,Nikon_D200_0_15439.JPG
Nikon_D200,Nikon_D200_0_15441.JPG
Nikon_D200,Nikon_D200_0_15443.JPG
Nikon_D200,Nikon_D200_0_15471.JPG
Nikon_D200,Nikon_D200_0_15473.JPG
Nikon_D200,Nikon_D200_0_15475.JPG
Nikon_D200,Nikon_D200_0_15477.JPG
Nikon_D200,Nikon_D200_0_15479.JPG
Nikon_D200,Nikon_D200_0_15481.JPG
Nikon_D200,Nikon_D200_1_17776.JPG
Nikon_D200,Nikon_D200_1_17778.JPG
Nikon_D200,Nikon_D200_1_17780.JPG
Nikon_D200,Nikon_D200_1_17782.JPG
Nikon_D200,Nikon_D200_1_17784.JPG
Nikon_D200,Nikon_D200_1_17786.JPG
Nikon_D200,Nikon_D200_1_17788.JPG
Nikon_D200,Nikon_D200_1_17790.JPG
Nikon_D200,Nikon_D200_1_17792.JPG
Nikon_D200,Nikon_D200_1_17794.JPG
Nikon_D200,Nikon_D200_1_17796.JPG
Nikon_D200,Nikon_D200_1_17798.JPG
Olympus_mju-1050SW,Olympus_mju-1050SW_0_23837.JPG
Olympus_mju-1050SW,Olympus_mju-1050SW_0_23838.JPG
Olympus_mju-1050SW,Olympus_mju-1050SW_0_23839.JPG
Olympus_mju-1050SW,Olympus_mju-1050SW_0_23840.JPG
Olympus_mju-1050SW,Olympus_mju-1050SW_0_23841.JPG
Olympus_mju-1050SW,Olympus_mju-1050SW_0_23842.JPG
Olympus_mju-1050SW,Olympus_mju-1050SW_1_24289.JPG
Olympus_mju-1050SW,Olympus_mju-1050SW_1_24290.JPG
Olympus_mju-1050SW,Olympus_mju-1050SW_1_24291.JPG
Olympus_mju-1050SW,Olympus_mju-1050SW_1_24292.JPG
Olympus_mju-1050SW,Olympus_mju-1050SW_1_24293.JPG
Olympus_mju-1050SW,Olympus_mju-1050SW_1_24294.JPG
Olympus_mju-1050SW,Olympus_mju-1050SW_2_24787.JPG
Olympus_mju-1050SW,Olympus_mju-1050SW_2_24788.JPG
Olympus_mju-1050SW,Olympus_mju-1050SW_2_24789.JPG
Olympus_mju-1050SW,Olympus_mju-1050SW_2_24790.JPG
Olympus_mju-1050SW,Olympus_mju-1050SW_2_24791.JPG
Olympus_mju-1050SW,Olympus_mju-1050SW_2_24792.JPG
Olympus_mju-1050SW,Olympus_mju-1050SW_3_25258.JPG
Olympus_mju-1050SW,Olympus_mju-1050SW_3_25259.JPG
Olympus_mju-1050SW,Olympus_mju-1050SW_3_25260.JPG
Olympus_mju-1050SW,Olympus_mju-1050SW_3_25261.JPG
Olympus_mju-1050SW,Olympus_mju-1050SW_3_25262.JPG
Olympus_mju-1050SW,Olympus_mju-1050SW_3_25263.JPG
Olympus_mju-1050SW,Olympus_mju-1050SW_4_25732.JPG
Olympus_mju-1050SW,Olympus_mju-1050SW_4_25733.JPG
Olympus_mju-1050SW,Olympus_mju-1050SW_4_25734.JPG
Olympus_mju-1050SW,Olympus_mju-1050SW_4_25735.JPG
Olympus_mju-1050SW,Olympus_mju-1050SW_4_25736.JPG
Olympus_mju-1050SW,Olympus_mju-1050SW_4_25737.JPG
Canon_Ixus70,Canon_Ixus70_0_3402.JPG
Canon_Ixus70,Canon_Ixus70_0_3403.JPG
Canon_Ixus70,Canon_Ixus70_0_3404.JPG
Canon_Ixus70,Canon_Ixus70_0_3405.JPG
Canon_Ixus70,Canon_Ixus70_0_3406.JPG
Canon_Ixus70,Canon_Ixus70_0_3407.JPG
Canon_Ixus70,Canon_Ixus70_1_3831.JPG
Canon_Ixus70,Canon_Ixus70_1_3832.JPG
Canon_Ixus70,Canon_Ixus70_1_3833.JPG
Canon_Ixus70,Canon_Ixus70_1_3834.JPG
Canon_Ixus70,Canon_Ixus70_1_3835.JPG
Canon_Ixus70,Canon_Ixus70_1_3836.JPG
Canon_Ixus70,Canon_Ixus70_1_3837.JPG
Canon_Ixus70,Canon_Ixus70_2_4291.JPG
Canon_Ixus70,Canon_Ixus70_2_4292.JPG
Canon_Ixus70,Canon_Ixus70_2_4293.JPG
Canon_Ixus70,Canon_Ixus70_2_4294.JPG
Canon_Ixus70,Canon_Ixus70_2_4295.JPG
Canon_Ixus70,Canon_Ixus70_2_4296.JPG
Canon_Ixus70,Canon_Ixus70_2_4297.JPG
Nikon_D200,Nikon_D200_0_15445.JPG
Nikon_D200,Nikon_D200_0_15447.JPG
Nikon_D200,Nikon_D200_0_15449.JPG
Nikon_D200,Nikon_D200_0_15451.JPG
Nikon_D200,Nikon_D200_0_15453.JPG
Nikon_D200,Nikon_D200_0_15455.JPG
Nikon_D200,Nikon_D200_0_15457.JPG
Nikon_D200,Nikon_D200_0_15459.JPG
Nikon_D200,Nikon_D200_0_15461.JPG
Nikon_D200,Nikon_D200_0_15463.JPG
Nikon_D200,Nikon_D200_0_15465.JPG
Nikon_D200,Nikon_D200_0_15467.JPG
Nikon_D200,Nikon_D200_0_15469.JPG
Nikon_D200,Nikon_D200_1_17752.JPG
Nikon_D200,Nikon_D200_1_17754.JPG
Nikon_D200,Nikon_D200_1_17756.JPG
Nikon_D200,Nikon_D200_1_17758.JPG
Nikon_D200,Nikon_D200_1_17760.JPG
Nikon_D200,Nikon_D200_1_17762.JPG
Nikon_D200,Nikon_D200_1_17764.JPG
Nikon_D200,Nikon_D200_1_17766.JPG
Nikon_D200,Nikon_D200_1_17768.JPG
Nikon_D200,Nikon_D200_1_17770.JPG
Nikon_D200,Nikon_D200_1_17772.JPG
Nikon_D200,Nikon_D200_1_17774.JPG
Nikon_D200,Nikon_D200_1_17800.JPG
Nikon_D200,Nikon_D200_1_17802.JPG
Nikon_D200,Nikon_D200_1_17804.JPG
Nikon_D200,Nikon_D200_1_17806.JPG
Nikon_D200,Nikon_D200_1_17808.JPG
Nikon_D200,Nikon_D200_1_17810.JPG
Nikon_D200,Nikon_D200_1_17812.JPG
Olympus_mju-1050SW,Olympus_mju-1050SW_0_23831.JPG
Olympus_mju-1050SW,Olympus_mju-1050SW_0_23832.JPG
Olympus_mju-1050SW,Olympus_mju-1050SW_0_23833.JPG
Olympus_mju-1050SW,Olympus_mju-1050SW_0_23834.JPG
Olympus_mju-1050SW,Olympus_mju-1050SW_0_23835.JPG
Olympus_mju-1050SW,Olympus_mju-1050SW_0_23836.JPG
Olympus_mju-1050SW,Olympus_mju-1050SW_1_24282.JPG
Olympus_mju-1050SW,Olympus_mju-1050SW_1_24283.JPG
Olympus_mju-1050SW,Olympus_mju-1050SW_1_24284.JPG
Olympus_mju-1050SW,Olympus_mju-1050SW_1_24285.JPG
Olympus_mju-1050SW,Olympus_mju-1050SW_1_24286.JPG
Olympus_mju-1050SW,Olympus_mju-1050SW_1_24287.JPG
Olympus_mju-1050SW,Olympus_mju-1050SW_1_24288.JPG
Olympus_mju-1050SW,Olympus_mju-1050SW_2_24776.JPG
Olympus_mju-1050SW,Olympus_mju-1050SW_2_24777.JPG
Olympus_mju-1050SW,Olympus_mju-1050SW_2_24778.JPG
Olympus_mju-1050SW,Olympus_mju-1050SW_2_24779.JPG
Olympus_mju-1050SW,Olympus_mju-1050SW_2_24780.JPG
Olympus_mju-1050SW,Olympus_mju-1050SW_2_24781.JPG
Olympus_mju-1050SW,Olympus_mju-1050SW_2_24782.JPG
Olympus_mju-1050SW,Olympus_mju-1050SW_2_24783.JPG
Olympus_mju-1050SW,Olympus_mju-1050SW_2_24784.JPG
Olympus_mju-1050SW,Olympus_mju-1050SW_2_24785.JPG
Olympus_mju-1050SW,Olympus_mju-1050SW_2_24786.JPG
Olympus_mju-1050SW,Olympus_mju-1050SW_3_25251.JPG
Olympus_mju-1050SW,Olympus_mju-1050SW_3_25252.JPG
Olympus_mju-1050SW,Olympus_mju-1050SW_3_25253.JPG
Olympus_mju-1050SW,Olympus_mju-1050SW_3_25254.JPG
Olympus_mju-1050SW,Olympus_mju-1050SW_3_25255.JPG
Olympus_mju-1050SW,Olympus_mju-1050SW_3_25256.JPG
Olympus_mju-1050SW,Olympus_mju-1050SW_3_25257.JPG
Olympus_mju-1050SW,Olympus_mju-1050SW_4_25726.JPG
Olympus_mju-1050SW,Olympus_mju-1050SW_4_25727.JPG
Olympus_mju-1050SW,Olympus_mju-1050SW_4_25728.JPG
Olympus_mju-1050SW,Olympus_mju-1050SW_4_25729.JPG
Olympus_mju-1050SW,Olympus_mju-1050SW_4_25730.JPG
Olympus_mju-1050SW,Olympus_mju-1050SW_4_25731.JPG
Canon_Ixus70,Canon_Ixus70_0_3414.JPG
Canon_Ixus70,Canon_Ixus70_0_3415.JPG
Canon_Ixus70,Canon_Ixus70_0_3416.JPG
Canon_Ixus70,Canon_Ixus70_1_3844.JPG
Canon_Ixus70,Canon_Ixus70_1_3845.JPG
Canon_Ixus70,Canon_Ixus70_1_3846.JPG
Canon_Ixus70,Canon_Ixus70_2_4304.JPG
Canon_Ixus70,Canon_Ixus70_2_4305.JPG
Canon_Ixus70,Canon_Ixus70_2_4306.JPG
Nikon_D200,Nikon_D200_0_15483.JPG
Nikon_D200,Nikon_D200_0_15485.JPG
Nikon_D200,Nikon_D200_0_15487.JPG
Nikon_D200,Nikon_D200_0_15489.JPG
Nikon_D200,Nikon_D200_0_15491.JPG
Nikon_D200,Nikon_D200_0_15493.JPG
Nikon_D200,Nikon_D200_0_15495.JPG
Nikon_D200,Nikon_D200_0_15497.JPG
Nikon_D200,Nikon_D200_0_15511.JPG
Nikon_D200,Nikon_D200_0_15513.JPG
Nikon_D200,Nikon_D200_0_15515.JPG
Nikon_D200,Nikon_D200_0_15517.JPG
Nikon_D200,Nikon_D200_0_15519.JPG
Nikon_D200,Nikon_D200_0_15521.JPG
Nikon_D200,Nikon_D200_0_15523.JPG
Nikon_D200,Nikon_D200_1_17820.JPG
Nikon_D200,Nikon_D200_1_17822.JPG
Nikon_D200,Nikon_D200_1_17824.JPG
Nikon_D200,Nikon_D200_1_17826.JPG
Nikon_D200,Nikon_D200_1_17828.JPG
Nikon_D200,Nikon_D200_1_17830.JPG
Nikon_D200,Nikon_D200_1_17832.JPG
Nikon_D200,Nikon_D200_1_17834.JPG
Nikon_D200,Nikon_D200_1_17836.JPG
Nikon_D200,Nikon_D200_1_17838.JPG
Nikon_D200,Nikon_D200_1_17840.JPG
Nikon_D200,Nikon_D200_1_17842.JPG
Olympus_mju-1050SW,Olympus_mju-1050SW_0_23843.JPG
Olympus_mju-1050SW,Olympus_mju-1050SW_0_23844.JPG
Olympus_mju-1050SW,Olympus_mju-1050SW_0_23845.JPG
Olympus_mju-1050SW,Olympus_mju-1050SW_1_24295.JPG
Olympus_mju-1050SW,Olympus_mju-1050SW_1_24296.JPG
Olympus_mju-1050SW,Olympus_mju-1050SW_1_24297.JPG
Olympus_mju-1050SW,Olympus_mju-1050SW_2_24793.JPG
Olympus_mju-1050SW,Olympus_mju-1050SW_2_24794.JPG
Olympus_mju-1050SW,Olympus_mju-1050SW_2_24795.JPG
Olympus_mju-1050SW,Olympus_mju-1050SW_2_24796.JPG
Olympus_mju-1050SW,Olympus_mju-1050SW_2_24797.JPG
Olympus_mju-1050SW,Olympus_mju-1050SW_2_24798.JPG
Olympus_mju-1050SW,Olympus_mju-1050SW_3_25264.JPG
Olympus_mju-1050SW,Olympus_mju-1050SW_3_25265.JPG
Olympus_mju-1050SW,Olympus_mju-1050SW_3_25266.JPG
Olympus_mju-1050SW,Olympus_mju-1050SW_4_25738.JPG
Olympus_mju-1050SW,Olympus_mju-1050SW_4_25739.JPG
Olympus_mju-1050SW,Olympus_mju-1050SW_4_25740.JPG
Canon_Ixus70,Canon_Ixus70_0_3417.JPG
Canon_Ixus70,Canon_Ixus70_0_3418.JPG
Canon_Ixus70,Canon_Ixus70_0_3419.JPG
Canon_Ixus70,Canon_Ixus70_1_3847.JPG
Canon_Ixus70,Canon_Ixus70_1_3848.JPG
Canon_Ixus70,Canon_Ixus70_1_3849.JPG
Canon_Ixus70,Canon_Ixus70_2_4307.JPG
Canon_Ixus70,Canon_Ixus70_2_4308.JPG
Canon_Ixus70,Canon_Ixus70_2_4309.JPG
Nikon_D200,Nikon_D200_0_15499.JPG
Nikon_D200,Nikon_D200_0_15501.JPG
Nikon_D200,Nikon_D200_0_15503.JPG
Nikon_D200,Nikon_D200_0_15505.JPG
Nikon_D200,Nikon_D200_0_15507.JPG
Nikon_D200,Nikon_D200_0_15509.JPG
Nikon_D200,Nikon_D200_1_17814.JPG
Nikon_D200,Nikon_D200_1_17816.JPG
Nikon_D200,Nikon_D200_1_17818.JPG
Nikon_D200,Nikon_D200_1_17844.JPG
Nikon_D200,Nikon_D200_1_17846.JPG
Nikon_D200,Nikon_D200_1_17848.JPG
Olympus_mju-1050SW,Olympus_mju-1050SW_0_23846.JPG
Olympus_mju-1050SW,Olympus_mju-1050SW_0_23847.JPG
Olympus_mju-1050SW,Olympus_mju-1050SW_0_23848.JPG
Olympus_mju-1050SW,Olympus_mju-1050SW_1_24298.JPG
Olympus_mju-1050SW,Olympus_mju-1050SW_1_24299.JPG
Olympus_mju-1050SW,Olympus_mju-1050SW_1_24300.JPG
Olympus_mju-1050SW,Olympus_mju-1050SW_2_24799.JPG
Olympus_mju-1050SW,Olympus_mju-1050SW_2_24800.JPG
Olympus_mju-1050SW,Olympus_mju-1050SW_2_24801.JPG
Olympus_mju-1050SW,Olympus_mju-1050SW_3_25267.JPG
Olympus_mju-1050SW,Olympus_mju-1050SW_3_25268.JPG
Olympus_mju-1050SW,Olympus_mju-1050SW_3_25269.JPG
Olympus_mju-1050SW,Olympus_mju-1050SW_4_25741.JPG
Olympus_mju-1050SW,Olympus_mju-1050SW_4_25742.JPG
Olympus_mju-1050SW,Olympus_mju-1050SW_4_25743.JPG
Canon_Ixus70,Canon_Ixus70_0_3420.JPG
Canon_Ixus70,Canon_Ixus70_0_3421.JPG
Canon_Ixus70,Canon_Ixus70_0_3422.JPG
Canon_Ixus70,Canon_Ixus70_1_3850.JPG
Canon_Ixus70,Canon_Ixus70_1_3851.JPG
Canon_Ixus70,Canon_Ixus70_1_3852.JPG
Canon_Ixus70,Canon_Ixus70_2_4310.JPG
Canon_Ixus70,Canon_Ixus70_2_4311.JPG
Canon_Ixus70,Canon_Ixus70_2_4312.JPG
Canon_Ixus70,Canon_Ixus70_2_4313.JPG
Nikon_D200,Nikon_D200_0_15529.JPG
Nikon_D200,Nikon_D200_0_15531.JPG
Nikon_D200,Nikon_D200_0_15533.JPG
Nikon_D200,Nikon_D200_0_15547.JPG
Nikon_D200,Nikon_D200_0_15549.JPG
Nikon_D200,Nikon_D200_0_15551.JPG
Nikon_D200,Nikon_D200_1_17856.JPG
Nikon_D200,Nikon_D200_1_17858.JPG
Nikon_D200,Nikon_D200_1_17860.JPG
Nikon_D200,Nikon_D200_1_17862.JPG
Nikon_D200,Nikon_D200_1_17864.JPG
Nikon_D200,Nikon_D200_1_17866.JPG
Olympus_mju-1050SW,Olympus_mju-1050SW_0_23849.JPG
Olympus_mju-1050SW,Olympus_mju-1050SW_0_23850.JPG
Olympus_mju-1050SW,Olympus_mju-1050SW_0_23851.JPG
Olympus_mju-1050SW,Olympus_mju-1050SW_0_23852.JPG
Olympus_mju-1050SW,Olympus_mju-1050SW_0_23853.JPG
Olympus_mju-1050SW,Olympus_mju-1050SW_1_24301.JPG
Olympus_mju-1050SW,Olympus_mju-1050SW_1_24302.JPG
Olympus_mju-1050SW,Olympus_mju-1050SW_1_24303.JPG
Olympus_mju-1050SW,Olympus_mju-1050SW_1_24304.JPG
Olympus_mju-1050SW,Olympus_mju-1050SW_2_24802.JPG
Olympus_mju-1050SW,Olympus_mju-1050SW_2_24803.JPG
Olympus_mju-1050SW,Olympus_mju-1050SW_2_24804.JPG
Olympus_mju-1050SW,Olympus_mju-1050SW_2_24805.JPG
Olympus_mju-1050SW,Olympus_mju-1050SW_3_25270.JPG
Olympus_mju-1050SW,Olympus_mju-1050SW_3_25271.JPG
Olympus_mju-1050SW,Olympus_mju-1050SW_3_25272.JPG
Olympus_mju-1050SW,Olympus_mju-1050SW_3_25273.JPG
Olympus_mju-1050SW,Olympus_mju-1050SW_3_25274.JPG
Olympus_mju-1050SW,Olympus_mju-1050SW_4_25745.JPG
Olympus_mju-1050SW,Olympus_mju-1050SW_4_25746.JPG
Olympus_mju-1050SW,Olympus_mju-1050SW_4_25747.JPG
Olympus_mju-1050SW,Olympus_mju-1050SW_4_25748.JPG
Canon_Ixus70,Canon_Ixus70_0_3423.JPG
Canon_Ixus70,Canon_Ixus70_0_3424.JPG
Canon_Ixus70,Canon_Ixus70_0_3425.JPG
Canon_Ixus70,Canon_Ixus70_1_3853.JPG
Canon_Ixus70,Canon_Ixus70_1_3854.JPG
Canon_Ixus70,Canon_Ixus70_1_3855.JPG
Canon_Ixus70,Canon_Ixus70_2_4314.JPG
Canon_Ixus70,Canon_Ixus70_2_4315.JPG
Canon_Ixus70,Canon_Ixus70_2_4316.JPG
Nikon_D200,Nikon_D200_0_15535.JPG
Nikon_D200,Nikon_D200_0_15537.JPG
Nikon_D200,Nikon_D200_0_15539.JPG
Nikon_D200,Nikon_D200_0_15541.JPG
Nikon_D200,Nikon_D200_0_15543.JPG
Nikon_D200,Nikon_D200_0_15545.JPG
Nikon_D200,Nikon_D200_1_17850.JPG
Nikon_D200,Nikon_D200_1_17852.JPG
Nikon_D200,Nikon_D200_1_17854.JPG
Nikon_D200,Nikon_D200_1_17868.JPG
Nikon_D200,Nikon_D200_1_17870.JPG
Nikon_D200,Nikon_D200_1_17872.JPG
Olympus_mju-1050SW,Olympus_mju-1050SW_0_23854.JPG
Olympus_mju-1050SW,Olympus_mju-1050SW_0_23855.JPG
Olympus_mju-1050SW,Olympus_mju-1050SW_0_23856.JPG
Olympus_mju-1050SW,Olympus_mju-1050SW_1_24305.JPG
Olympus_mju-1050SW,Olympus_mju-1050SW_1_24306.JPG
Olympus_mju-1050SW,Olympus_mju-1050SW_1_24307.JPG
Olympus_mju-1050SW,Olympus_mju-1050SW_2_24806.JPG
Olympus_mju-1050SW,Olympus_mju-1050SW_2_24807.JPG
Olympus_mju-1050SW,Olympus_mju-1050SW_2_24808.JPG
Olympus_mju-1050SW,Olympus_mju-1050SW_3_25275.JPG
Olympus_mju-1050SW,Olympus_mju-1050SW_3_25276.JPG
Olympus_mju-1050SW,Olympus_mju-1050SW_3_25277.JPG
Olympus_mju-1050SW,Olympus_mju-1050SW_4_25749.JPG
Olympus_mju-1050SW,Olympus_mju-1050SW_4_25750.JPG
Olympus_mju-1050SW,Olympus_mju-1050SW_4_25751.JPG
Canon_Ixus70,Canon_Ixus70_0_3429.JPG
Canon_Ixus70,Canon_Ixus70_0_3430.JPG
Canon_Ixus70,Canon_Ixus70_0_3431.JPG
Canon_Ixus70,Canon_Ixus70_1_3859.JPG
Canon_Ixus70,Canon_Ixus70_1_3860.JPG
Canon_Ixus70,Canon_Ixus70_1_3861.JPG
Canon_Ixus70,Canon_Ixus70_2_4320.JPG
Canon_Ixus70,Canon_Ixus70_2_4321.JPG
Canon_Ixus70,Canon_Ixus70_2_4322.JPG
Nikon_D200,Nikon_D200_0_15553.JPG
Nikon_D200,Nikon_D200_0_15555.JPG
Nikon_D200,Nikon_D200_0_15557.JPG
Nikon_D200,Nikon_D200_0_15587.JPG
Nikon_D200,Nikon_D200_0_15589.JPG
Nikon_D200,Nikon_D200_0_15591.JPG
Nikon_D200,Nikon_D200_1_17882.JPG
Nikon_D200,Nikon_D200_1_17884.JPG
Nikon_D200,Nikon_D200_1_17886.JPG
Nikon_D200,Nikon_D200_1_17888.JPG
Nikon_D200,Nikon_D200_1_17890.JPG
Nikon_D200,Nikon_D200_1_17892.JPG
Olympus_mju-1050SW,Olympus_mju-1050SW_0_23860.JPG
Olympus_mju-1050SW,Olympus_mju-1050SW_0_23861.JPG
Olympus_mju-1050SW,Olympus_mju-1050SW_0_23862.JPG
Olympus_mju-1050SW,Olympus_mju-1050SW_1_24311.JPG
Olympus_mju-1050SW,Olympus_mju-1050SW_1_24312.JPG
Olympus_mju-1050SW,Olympus_mju-1050SW_1_24313.JPG
Olympus_mju-1050SW,Olympus_mju-1050SW_2_24812.JPG
Olympus_mju-1050SW,Olympus_mju-1050SW_2_24813.JPG
Olympus_mju-1050SW,Olympus_mju-1050SW_2_24814.JPG
Olympus_mju-1050SW,Olympus_mju-1050SW_3_25281.JPG
Olympus_mju-1050SW,Olympus_mju-1050SW_3_25282.JPG
Olympus_mju-1050SW,Olympus_mju-1050SW_3_25283.JPG
Olympus_mju-1050SW,Olympus_mju-1050SW_4_25755.JPG
Olympus_mju-1050SW,Olympus_mju-1050SW_4_25756.JPG
Olympus_mju-1050SW,Olympus_mju-1050SW_4_25757.JPG
Canon_Ixus70,Canon_Ixus70_0_3426.JPG
Canon_Ixus70,Canon_Ixus70_0_3427.JPG
Canon_Ixus70,Canon_Ixus70_0_3428.JPG
Canon_Ixus70,Canon_Ixus70_1_3856.JPG
Canon_Ixus70,Canon_Ixus70_1_3857.JPG
Canon_Ixus70,Canon_Ixus70_1_3858.JPG
Canon_Ixus70,Canon_Ixus70_2_4317.JPG
Canon_Ixus70,Canon_Ixus70_2_4318.JPG
Canon_Ixus70,Canon_Ixus70_2_4319.JPG
Nikon_D200,Nikon_D200_0_15559.JPG
Nikon_D200,Nikon_D200_0_15561.JPG
Nikon_D200,Nikon_D200_0_15563.JPG
Nikon_D200,Nikon_D200_0_15565.JPG
Nikon_D200,Nikon_D200_0_15567.JPG
Nikon_D200,Nikon_D200_0_15569.JPG
Nikon_D200,Nikon_D200_0_15571.JPG
Nikon_D200,Nikon_D200_0_15573.JPG
Nikon_D200,Nikon_D200_0_15575.JPG
Nikon_D200,Nikon_D200_0_15577.JPG
Nikon_D200,Nikon_D200_0_15579.JPG
Nikon_D200,Nikon_D200_0_15581.JPG
Nikon_D200,Nikon_D200_0_15583.JPG
Nikon_D200,Nikon_D200_0_15585.JPG
Nikon_D200,Nikon_D200_1_17874.JPG
Nikon_D200,Nikon_D200_1_17876.JPG
Nikon_D200,Nikon_D200_1_17878.JPG
Nikon_D200,Nikon_D200_1_17880.JPG
Nikon_D200,Nikon_D200_1_17894.JPG
Nikon_D200,Nikon_D200_1_17896.JPG
Nikon_D200,Nikon_D200_1_17898.JPG
Olympus_mju-1050SW,Olympus_mju-1050SW_0_23857.JPG
Olympus_mju-1050SW,Olympus_mju-1050SW_0_23858.JPG
Olympus_mju-1050SW,Olympus_mju-1050SW_0_23859.JPG
Olympus_mju-1050SW,Olympus_mju-1050SW_1_24308.JPG
Olympus_mju-1050SW,Olympus_mju-1050SW_1_24309.JPG
Olympus_mju-1050SW,Olympus_mju-1050SW_1_24310.JPG
Olympus_mju-1050SW,Olympus_mju-1050SW_2_24809.JPG
Olympus_mju-1050SW,Olympus_mju-1050SW_2_24810.JPG
Olympus_mju-1050SW,Olympus_mju-1050SW_2_24811.JPG
Olympus_mju-1050SW,Olympus_mju-1050SW_3_25278.JPG
Olympus_mju-1050SW,Olympus_mju-1050SW_3_25279.JPG
Olympus_mju-1050SW,Olympus_mju-1050SW_3_25280.JPG
Olympus_mju-1050SW,Olympus_mju-1050SW_4_25752.JPG
Olympus_mju-1050SW,Olympus_mju-1050SW_4_25753.JPG
Olympus_mju-1050SW,Olympus_mju-1050SW_4_25754.JPG
Canon_Ixus70,Canon_Ixus70_0_3432.JPG
Canon_Ixus70,Canon_Ixus70_0_3433.JPG
Canon_Ixus70,Canon_Ixus70_0_3434.JPG
Canon_Ixus70,Canon_Ixus70_0_3435.JPG
Canon_Ixus70,Canon_Ixus70_0_3436.JPG
Canon_Ixus70,Canon_Ixus70_0_3437.JPG
Canon_Ixus70,Canon_Ixus70_1_3862.JPG
Canon_Ixus70,Canon_Ixus70_1_3863.JPG
Canon_Ixus70,Canon_Ixus70_1_3864.JPG
Canon_Ixus70,Canon_Ixus70_1_3865.JPG
Canon_Ixus70,Canon_Ixus70_1_3866.JPG
Canon_Ixus70,Canon_Ixus70_1_3867.JPG
Canon_Ixus70,Canon_Ixus70_2_4323.JPG
Canon_Ixus70,Canon_Ixus70_2_4324.JPG
Canon_Ixus70,Canon_Ixus70_2_4325.JPG
Canon_Ixus70,Canon_Ixus70_2_4326.JPG
Canon_Ixus70,Canon_Ixus70_2_4327.JPG
Canon_Ixus70,Canon_Ixus70_2_4328.JPG
Nikon_D200,Nikon_D200_0_15593.JPG
Nikon_D200,Nikon_D200_0_15595.JPG
Nikon_D200,Nikon_D200_0_15599.JPG
Nikon_D200,Nikon_D200_0_15651.JPG
Nikon_D200,Nikon_D200_0_15653.JPG
Nikon_D200,Nikon_D200_0_15655.JPG
Nikon_D200,Nikon_D200_1_17906.JPG
Nikon_D200,Nikon_D200_1_17908.JPG
Nikon_D200,Nikon_D200_1_17910.JPG
Nikon_D200,Nikon_D200_1_17912.JPG
Nikon_D200,Nikon_D200_1_17914.JPG
Nikon_D200,Nikon_D200_1_17916.JPG
Olympus_mju-1050SW,Olympus_mju-1050SW_0_23863.JPG
Olympus_mju-1050SW,Olympus_mju-1050SW_0_23864.JPG
Olympus_mju-1050SW,Olympus_mju-1050SW_0_23865.JPG
Olympus_mju-1050SW,Olympus_mju-1050SW_0_23866.JPG
Olympus_mju-1050SW,Olympus_mju-1050SW_0_23867.JPG
Olympus_mju-1050SW,Olympus_mju-1050SW_0_23868.JPG
Olympus_mju-1050SW,Olympus_mju-1050SW_1_24314.JPG
Olympus_mju-1050SW,Olympus_mju-1050SW_1_24315.JPG
Olympus_mju-1050SW,Olympus_mju-1050SW_1_24316.JPG
Olympus_mju-1050SW,Olympus_mju-1050SW_1_24317.JPG
Olympus_mju-1050SW,Olympus_mju-1050SW_1_24318.JPG
Olympus_mju-1050SW,Olympus_mju-1050SW_1_24319.JPG
Olympus_mju-1050SW,Olympus_mju-1050SW_2_24815.JPG
Olympus_mju-1050SW,Olympus_mju-1050SW_2_24816.JPG
Olympus_mju-1050SW,Olympus_mju-1050SW_2_24817.JPG
Olympus_mju-1050SW,Olympus_mju-1050SW_2_24818.JPG
Olympus_mju-1050SW,Olympus_mju-1050SW_2_24819.JPG
Olympus_mju-1050SW,Olympus_mju-1050SW_2_24820.JPG
Olympus_mju-1050SW,Olympus_mju-1050SW_3_25284.JPG
Olympus_mju-1050SW,Olympus_mju-1050SW_3_25285.JPG
Olympus_mju-1050SW,Olympus_mju-1050SW_3_25286.JPG
Olympus_mju-1050SW,Olympus_mju-1050SW_3_25287.JPG
Olympus_mju-1050SW,Olympus_mju-1050SW_3_25288.JPG
Olympus_mju-1050SW,Olympus_mju-1050SW_3_25289.JPG
Olympus_mju-1050SW,Olympus_mju-1050SW_4_25758.JPG
Olympus_mju-1050SW,Olympus_mju-1050SW_4_25759.JPG
Olympus_mju-1050SW,Olympus_mju-1050SW_4_25760.JPG
Olympus_mju-1050SW,Olympus_mju-1050SW_4_25761.JPG
Olympus_mju-1050SW,Olympus_mju-1050SW_4_25762.JPG
Olympus_mju-1050SW,Olympus_mju-1050SW_4_25763.JPG
Canon_Ixus70,Canon_Ixus70_0_3438.JPG
Canon_Ixus70,Canon_Ixus70_0_3439.JPG
Canon_Ixus70,Canon_Ixus70_0_3444.JPG
Canon_Ixus70,Canon_Ixus70_1_3868.JPG
Canon_Ixus70,Canon_Ixus70_1_3869.JPG
Canon_Ixus70,Canon_Ixus70_1_3870.JPG
Canon_Ixus70,Canon_Ixus70_1_3871.JPG
Canon_Ixus70,Canon_Ixus70_1_3872.JPG
Canon_Ixus70,Canon_Ixus70_1_3873.JPG
Canon_Ixus70,Canon_Ixus70_1_3874.JPG
Canon_Ixus70,Canon_Ixus70_1_3875.JPG
Canon_Ixus70,Canon_Ixus70_2_4329.JPG
Canon_Ixus70,Canon_Ixus70_2_4330.JPG
Canon_Ixus70,Canon_Ixus70_2_4331.JPG
Canon_Ixus70,Canon_Ixus70_2_4332.JPG
Canon_Ixus70,Canon_Ixus70_2_4333.JPG
Canon_Ixus70,Canon_Ixus70_2_4334.JPG
Canon_Ixus70,Canon_Ixus70_2_4335.JPG
Nikon_D200,Nikon_D200_0_15601.JPG
Nikon_D200,Nikon_D200_0_15603.JPG
Nikon_D200,Nikon_D200_0_15605.JPG
Nikon_D200,Nikon_D200_0_15607.JPG
Nikon_D200,Nikon_D200_0_15609.JPG
Nikon_D200,Nikon_D200_0_15611.JPG
Nikon_D200,Nikon_D200_0_15613.JPG
Nikon_D200,Nikon_D200_0_15615.JPG
Nikon_D200,Nikon_D200_0_15617.JPG
Nikon_D200,Nikon_D200_0_15663.JPG
Nikon_D200,Nikon_D200_0_15665.JPG
Nikon_D200,Nikon_D200_0_15667.JPG
Nikon_D200,Nikon_D200_0_15669.JPG
Nikon_D200,Nikon_D200_0_15671.JPG
Nikon_D200,Nikon_D200_1_17900.JPG
Nikon_D200,Nikon_D200_1_17902.JPG
Nikon_D200,Nikon_D200_1_17904.JPG
Nikon_D200,Nikon_D200_1_17918.JPG
Nikon_D200,Nikon_D200_1_17920.JPG
Nikon_D200,Nikon_D200_1_17922.JPG
Nikon_D200,Nikon_D200_1_17924.JPG
Nikon_D200,Nikon_D200_1_17926.JPG
Nikon_D200,Nikon_D200_1_17928.JPG
Nikon_D200,Nikon_D200_1_17930.JPG
Olympus_mju-1050SW,Olympus_mju-1050SW_0_23869.JPG
Olympus_mju-1050SW,Olympus_mju-1050SW_0_23870.JPG
Olympus_mju-1050SW,Olympus_mju-1050SW_0_23871.JPG
Olympus_mju-1050SW,Olympus_mju-1050SW_1_24320.JPG
Olympus_mju-1050SW,Olympus_mju-1050SW_1_24321.JPG
Olympus_mju-1050SW,Olympus_mju-1050SW_1_24322.JPG
Olympus_mju-1050SW,Olympus_mju-1050SW_1_24323.JPG
Olympus_mju-1050SW,Olympus_mju-1050SW_1_24324.JPG
Olympus_mju-1050SW,Olympus_mju-1050SW_1_24325.JPG
Olympus_mju-1050SW,Olympus_mju-1050SW_1_24326.JPG
Olympus_mju-1050SW,Olympus_mju-1050SW_1_24327.JPG
Olympus_mju-1050SW,Olympus_mju-1050SW_1_24328.JPG
Olympus_mju-1050SW,Olympus_mju-1050SW_1_24329.JPG
Olympus_mju-1050SW,Olympus_mju-1050SW_1_24330.JPG
Olympus_mju-1050SW,Olympus_mju-1050SW_1_24331.JPG
Olympus_mju-1050SW,Olympus_mju-1050SW_2_24821.JPG
Olympus_mju-1050SW,Olympus_mju-1050SW_2_24822.JPG
Olympus_mju-1050SW,Olympus_mju-1050SW_2_24823.JPG
Olympus_mju-1050SW,Olympus_mju-1050SW_2_24824.JPG
Olympus_mju-1050SW,Olympus_mju-1050SW_3_25290.JPG
Olympus_mju-1050SW,Olympus_mju-1050SW_3_25291.JPG
Olympus_mju-1050SW,Olympus_mju-1050SW_3_25292.JPG
Olympus_mju-1050SW,Olympus_mju-1050SW_3_25293.JPG
Olympus_mju-1050SW,Olympus_mju-1050SW_3_25294.JPG
Olympus_mju-1050SW,Olympus_mju-1050SW_4_25764.JPG
Olympus_mju-1050SW,Olympus_mju-1050SW_4_25765.JPG
Olympus_mju-1050SW,Olympus_mju-1050SW_4_25766.JPG
Canon_Ixus70,Canon_Ixus70_0_3451.JPG
Canon_Ixus70,Canon_Ixus70_0_3452.JPG
Canon_Ixus70,Canon_Ixus70_0_3453.JPG
Canon_Ixus70,Canon_Ixus70_0_3454.JPG
Canon_Ixus70,Canon_Ixus70_0_3455.JPG
Canon_Ixus70,Canon_Ixus70_0_3456.JPG
Canon_Ixus70,Canon_Ixus70_1_3883.JPG
Canon_Ixus70,Canon_Ixus70_1_3884.JPG
Canon_Ixus70,Canon_Ixus70_1_3885.JPG
Canon_Ixus70,Canon_Ixus70_1_3886.JPG
Canon_Ixus70,Canon_Ixus70_1_3887.JPG
Canon_Ixus70,Canon_Ixus70_1_3888.JPG
Canon_Ixus70,Canon_Ixus70_2_4342.JPG
Canon_Ixus70,Canon_Ixus70_2_4343.JPG
Canon_Ixus70,Canon_Ixus70_2_4344.JPG
Canon_Ixus70,Canon_Ixus70_2_4345.JPG
Canon_Ixus70,Canon_Ixus70_2_4346.JPG
Canon_Ixus70,Canon_Ixus70_2_4347.JPG
Nikon_D200,Nikon_D200_0_15693.JPG
Nikon_D200,Nikon_D200_0_15695.JPG
Nikon_D200,Nikon_D200_0_15697.JPG
Nikon_D200,Nikon_D200_0_15699.JPG
Nikon_D200,Nikon_D200_0_15701.JPG
Nikon_D200,Nikon_D200_0_15703.JPG
Nikon_D200,Nikon_D200_0_15729.JPG
Nikon_D200,Nikon_D200_0_15731.JPG
Nikon_D200,Nikon_D200_0_15733.JPG
Nikon_D200,Nikon_D200_0_15735.JPG
Nikon_D200,Nikon_D200_0_15737.JPG
Nikon_D200,Nikon_D200_0_15739.JPG
Nikon_D200,Nikon_D200_1_17950.JPG
Nikon_D200,Nikon_D200_1_17952.JPG
Nikon_D200,Nikon_D200_1_17954.JPG
Nikon_D200,Nikon_D200_1_17956.JPG
Nikon_D200,Nikon_D200_1_17958.JPG
Nikon_D200,Nikon_D200_1_17960.JPG
Nikon_D200,Nikon_D200_1_17962.JPG
Nikon_D200,Nikon_D200_1_17964.JPG
Nikon_D200,Nikon_D200_1_17966.JPG
Nikon_D200,Nikon_D200_1_17968.JPG
Nikon_D200,Nikon_D200_1_17970.JPG
Nikon_D200,Nikon_D200_1_17972.JPG
Nikon_D200,Nikon_D200_1_17974.JPG
Nikon_D200,Nikon_D200_1_17976.JPG
Olympus_mju-1050SW,Olympus_mju-1050SW_0_23878.JPG
Olympus_mju-1050SW,Olympus_mju-1050SW_0_23879.JPG
Olympus_mju-1050SW,Olympus_mju-1050SW_0_23880.JPG
Olympus_mju-1050SW,Olympus_mju-1050SW_0_23881.JPG
Olympus_mju-1050SW,Olympus_mju-1050SW_0_23882.JPG
Olympus_mju-1050SW,Olympus_mju-1050SW_0_23883.JPG
Olympus_mju-1050SW,Olympus_mju-1050SW_1_24338.JPG
Olympus_mju-1050SW,Olympus_mju-1050SW_1_24339.JPG
Olympus_mju-1050SW,Olympus_mju-1050SW_1_24340.JPG
Olympus_mju-1050SW,Olympus_mju-1050SW_1_24341.JPG
Olympus_mju-1050SW,Olympus_mju-1050SW_1_24342.JPG
Olympus_mju-1050SW,Olympus_mju-1050SW_1_24343.JPG
Olympus_mju-1050SW,Olympus_mju-1050SW_1_24344.JPG
Olympus_mju-1050SW,Olympus_mju-1050SW_2_24831.JPG
Olympus_mju-1050SW,Olympus_mju-1050SW_2_24832.JPG
Olympus_mju-1050SW,Olympus_mju-1050SW_2_24833.JPG
Olympus_mju-1050SW,Olympus_mju-1050SW_2_24834.JPG
Olympus_mju-1050SW,Olympus_mju-1050SW_2_24835.JPG
Olympus_mju-1050SW,Olympus_mju-1050SW_2_24836.JPG
Olympus_mju-1050SW,Olympus_mju-1050SW_3_25301.JPG
Olympus_mju-1050SW,Olympus_mju-1050SW_3_25302.JPG
Olympus_mju-1050SW,Olympus_mju-1050SW_3_25303.JPG
Olympus_mju-1050SW,Olympus_mju-1050SW_3_25304.JPG
Olympus_mju-1050SW,Olympus_mju-1050SW_3_25305.JPG
Olympus_mju-1050SW,Olympus_mju-1050SW_3_25306.JPG
Olympus_mju-1050SW,Olympus_mju-1050SW_4_25773.JPG
Olympus_mju-1050SW,Olympus_mju-1050SW_4_25774.JPG
Olympus_mju-1050SW,Olympus_mju-1050SW_4_25775.JPG
Olympus_mju-1050SW,Olympus_mju-1050SW_4_25776.JPG
Olympus_mju-1050SW,Olympus_mju-1050SW_4_25777.JPG
Olympus_mju-1050SW,Olympus_mju-1050SW_4_25778.JPG
Canon_Ixus70,Canon_Ixus70_0_3445.JPG
Canon_Ixus70,Canon_Ixus70_0_3446.JPG
Canon_Ixus70,Canon_Ixus70_0_3447.JPG
Canon_Ixus70,Canon_Ixus70_0_3448.JPG
Canon_Ixus70,Canon_Ixus70_0_3449.JPG
Canon_Ixus70,Canon_Ixus70_0_3450.JPG
Canon_Ixus70,Canon_Ixus70_1_3876.JPG
Canon_Ixus70,Canon_Ixus70_1_3877.JPG
Canon_Ixus70,Canon_Ixus70_1_3878.JPG
Canon_Ixus70,Canon_Ixus70_1_3879.JPG
Canon_Ixus70,Canon_Ixus70_1_3880.JPG
Canon_Ixus70,Canon_Ixus70_1_3881.JPG
Canon_Ixus70,Canon_Ixus70_1_3882.JPG
Canon_Ixus70,Canon_Ixus70_2_4336.JPG
Canon_Ixus70,Canon_Ixus70_2_4337.JPG
Canon_Ixus70,Canon_Ixus70_2_4338.JPG
Canon_Ixus70,Canon_Ixus70_2_4339.JPG
Canon_Ixus70,Canon_Ixus70_2_4340.JPG
Canon_Ixus70,Canon_Ixus70_2_4341.JPG
Nikon_D200,Nikon_D200_0_15705.JPG
Nikon_D200,Nikon_D200_0_15707.JPG
Nikon_D200,Nikon_D200_0_15709.JPG
Nikon_D200,Nikon_D200_0_15711.JPG
Nikon_D200,Nikon_D200_0_15713.JPG
Nikon_D200,Nikon_D200_0_15715.JPG
Nikon_D200,Nikon_D200_0_15717.JPG
Nikon_D200,Nikon_D200_0_15719.JPG
Nikon_D200,Nikon_D200_0_15721.JPG
Nikon_D200,Nikon_D200_0_15723.JPG
Nikon_D200,Nikon_D200_0_15725.JPG
Nikon_D200,Nikon_D200_0_15727.JPG
Nikon_D200,Nikon_D200_1_17932.JPG
Nikon_D200,Nikon_D200_1_17934.JPG
Nikon_D200,Nikon_D200_1_17936.JPG
Nikon_D200,Nikon_D200_1_17938.JPG
Nikon_D200,Nikon_D200_1_17940.JPG
Nikon_D200,Nikon_D200_1_17942.JPG
Nikon_D200,Nikon_D200_1_17944.JPG
Nikon_D200,Nikon_D200_1_17946.JPG
Nikon_D200,Nikon_D200_1_17948.JPG
Nikon_D200,Nikon_D200_1_17978.JPG
Nikon_D200,Nikon_D200_1_17980.JPG
Nikon_D200,Nikon_D200_1_17982.JPG
Nikon_D200,Nikon_D200_1_17984.JPG
Nikon_D200,Nikon_D200_1_17986.JPG
Nikon_D200,Nikon_D200_1_17988.JPG
Olympus_mju-1050SW,Olympus_mju-1050SW_0_23872.JPG
Olympus_mju-1050SW,Olympus_mju-1050SW_0_23873.JPG
Olympus_mju-1050SW,Olympus_mju-1050SW_0_23874.JPG
Olympus_mju-1050SW,Olympus_mju-1050SW_0_23875.JPG
Olympus_mju-1050SW,Olympus_mju-1050SW_0_23876.JPG
Olympus_mju-1050SW,Olympus_mju-1050SW_0_23877.JPG
Olympus_mju-1050SW,Olympus_mju-1050SW_1_24332.JPG
Olympus_mju-1050SW,Olympus_mju-1050SW_1_24333.JPG
Olympus_mju-1050SW,Olympus_mju-1050SW_1_24334.JPG
Olympus_mju-1050SW,Olympus_mju-1050SW_1_24335.JPG
Olympus_mju-1050SW,Olympus_mju-1050SW_1_24336.JPG
Olympus_mju-1050SW,Olympus_mju-1050SW_1_24337.JPG
Olympus_mju-1050SW,Olympus_mju-1050SW_2_24825.JPG
Olympus_mju-1050SW,Olympus_mju-1050SW_2_24826.JPG
Olympus_mju-1050SW,Olympus_mju-1050SW_2_24827.JPG
Olympus_mju-1050SW,Olympus_mju-1050SW_2_24828.JPG
Olympus_mju-1050SW,Olympus_mju-1050SW_2_24829.JPG
Olympus_mju-1050SW,Olympus_mju-1050SW_2_24830.JPG
Olympus_mju-1050SW,Olympus_mju-1050SW_3_25295.JPG
Olympus_mju-1050SW,Olympus_mju-1050SW_3_25296.JPG
Olympus_mju-1050SW,Olympus_mju-1050SW_3_25297.JPG
Olympus_mju-1050SW,Olympus_mju-1050SW_3_25298.JPG
Olympus_mju-1050SW,Olympus_mju-1050SW_3_25299.JPG
Olympus_mju-1050SW,Olympus_mju-1050SW_3_25300.JPG
Olympus_mju-1050SW,Olympus_mju-1050SW_4_25767.JPG
Olympus_mju-1050SW,Olympus_mju-1050SW_4_25768.JPG
Olympus_mju-1050SW,Olympus_mju-1050SW_4_25769.JPG
Olympus_mju-1050SW,Olympus_mju-1050SW_4_25770.JPG
Olympus_mju-1050SW,Olympus_mju-1050SW_4_25771.JPG
Olympus_mju-1050SW,Olympus_mju-1050SW_4_25772.JPG
